ticker,date,open,high,low,close,volume,ex-dividend,split_ratio,adj_open,adj_high,adj_low,adj_close,adj_volume
DYN,2000-02-01,,,,,0.0,,0.69,,,,,0.0
DYN,2000-08-22,,,,,0.0,,2.0,,,,,0.0
DYN,2010-05-25,,,,,0.0,,0.2,,,,,0.0
DYN,2012-10-03,20.0,20.75,18.55,19.3,3182500.0,0.0,1.0,20.0,20.75,18.55,19.3,3182500.0
DYN,2012-10-04,19.3,19.3,18.66,19.23,2296700.0,0.0,1.0,19.3,19.3,18.66,19.23,2296700.0
DYN,2012-10-05,19.42,19.42,18.25,18.72,1008100.0,0.0,1.0,19.42,19.42,18.25,18.72,1008100.0
DYN,2012-10-08,18.63,18.66,18.34,18.5,459500.0,0.0,1.0,18.63,18.66,18.34,18.5,459500.0
DYN,2012-10-09,18.49,18.49,18.2,18.25,678700.0,0.0,1.0,18.49,18.49,18.2,18.25,678700.0
DYN,2012-10-10,18.0,18.04,17.0,17.35,3911800.0,0.0,1.0,18.0,18.04,17.0,17.35,3911800.0
DYN,2012-10-11,17.5,17.78,17.26,17.39,1925000.0,0.0,1.0,17.5,17.78,17.26,17.39,1925000.0
DYN,2012-10-12,17.17,18.43,17.17,18.01,1349400.0,0.0,1.0,17.17,18.43,17.17,18.01,1349400.0
DYN,2012-10-15,18.02,18.87,18.02,18.73,927800.0,0.0,1.0,18.02,18.87,18.02,18.73,927800.0
DYN,2012-10-16,18.55,19.29,18.49,18.96,1102000.0,0.0,1.0,18.55,19.29,18.49,18.96,1102000.0
DYN,2012-10-17,18.9,19.25,18.63,18.71,490000.0,0.0,1.0,18.9,19.25,18.63,18.71,490000.0
DYN,2012-10-18,18.7,19.35,18.65,19.35,1395000.0,0.0,1.0,18.7,19.35,18.65,19.35,1395000.0
DYN,2012-10-19,19.35,19.53,18.76,18.95,2793600.0,0.0,1.0,19.35,19.53,18.76,18.95,2793600.0
DYN,2012-10-22,18.9,18.95,18.41,18.47,981600.0,0.0,1.0,18.9,18.95,18.41,18.47,981600.0
DYN,2012-10-23,18.47,18.54,17.95,18.4,804800.0,0.0,1.0,18.47,18.54,17.95,18.4,804800.0
DYN,2012-10-24,18.35,18.66,18.1,18.65,829000.0,0.0,1.0,18.35,18.66,18.1,18.65,829000.0
DYN,2012-10-25,18.99,18.99,18.5,18.87,161200.0,0.0,1.0,18.99,18.99,18.5,18.87,161200.0
DYN,2012-10-26,18.9,18.95,18.25,18.6,736000.0,0.0,1.0,18.9,18.95,18.25,18.6,736000.0
DYN,2012-10-31,18.25,18.92,18.23,18.7,668700.0,0.0,1.0,18.25,18.92,18.23,18.7,668700.0
DYN,2012-11-01,19.23,19.23,18.5,18.61,237700.0,0.0,1.0,19.23,19.23,18.5,18.61,237700.0
DYN,2012-11-02,18.8,18.8,18.29,18.32,254100.0,0.0,1.0,18.8,18.8,18.29,18.32,254100.0
DYN,2012-11-05,18.4,18.4,18.1,18.32,192700.0,0.0,1.0,18.4,18.4,18.1,18.32,192700.0
DYN,2012-11-06,18.5,18.95,18.3,18.44,576000.0,0.0,1.0,18.5,18.95,18.3,18.44,576000.0
DYN,2012-11-07,18.47,18.47,17.83,18.0,846800.0,0.0,1.0,18.47,18.47,17.83,18.0,846800.0
DYN,2012-11-08,17.75,18.11,17.75,18.0,121900.0,0.0,1.0,17.75,18.11,17.75,18.0,121900.0
DYN,2012-11-09,17.91,18.49,17.91,18.21,185800.0,0.0,1.0,17.91,18.49,17.91,18.21,185800.0
DYN,2012-11-12,18.1,18.16,18.0,18.04,93400.0,0.0,1.0,18.1,18.16,18.0,18.04,93400.0
DYN,2012-11-13,17.85,18.24,17.85,18.06,232500.0,0.0,1.0,17.85,18.24,17.85,18.06,232500.0
DYN,2012-11-14,18.5,18.64,18.27,18.29,410100.0,0.0,1.0,18.5,18.64,18.27,18.29,410100.0
DYN,2012-11-15,18.38,18.52,17.91,18.04,402900.0,0.0,1.0,18.38,18.52,17.91,18.04,402900.0
DYN,2012-11-16,18.01,18.06,17.73,18.05,145900.0,0.0,1.0,18.01,18.06,17.73,18.05,145900.0
DYN,2012-11-19,17.91,18.12,17.91,17.96,209000.0,0.0,1.0,17.91,18.12,17.91,17.96,209000.0
DYN,2012-11-20,17.87,18.16,17.86,18.04,226300.0,0.0,1.0,17.87,18.16,17.86,18.04,226300.0
DYN,2012-11-21,17.95,18.06,17.89,17.97,117700.0,0.0,1.0,17.95,18.06,17.89,17.97,117700.0
DYN,2012-11-23,17.95,18.12,17.87,18.07,50800.0,0.0,1.0,17.95,18.12,17.87,18.07,50800.0
DYN,2012-11-26,18.14,18.56,18.09,18.43,312300.0,0.0,1.0,18.14,18.56,18.09,18.43,312300.0
DYN,2012-11-27,18.33,18.78,18.26,18.57,124600.0,0.0,1.0,18.33,18.78,18.26,18.57,124600.0
DYN,2012-11-28,18.65,18.73,18.39,18.51,249300.0,0.0,1.0,18.65,18.73,18.39,18.51,249300.0
DYN,2012-11-29,18.35,18.69,18.35,18.57,637100.0,0.0,1.0,18.35,18.69,18.35,18.57,637100.0
DYN,2012-11-30,18.54,18.54,18.21,18.5,329300.0,0.0,1.0,18.54,18.54,18.21,18.5,329300.0
DYN,2012-12-03,18.35,18.42,18.22,18.27,89200.0,0.0,1.0,18.35,18.42,18.22,18.27,89200.0
DYN,2012-12-04,18.4,18.4,18.12,18.23,147800.0,0.0,1.0,18.4,18.4,18.12,18.23,147800.0
DYN,2012-12-05,18.2,18.32,18.2,18.23,181000.0,0.0,1.0,18.2,18.32,18.2,18.23,181000.0
DYN,2012-12-06,18.35,18.36,18.09,18.23,141200.0,0.0,1.0,18.35,18.36,18.09,18.23,141200.0
DYN,2012-12-07,18.35,18.75,18.18,18.5,277300.0,0.0,1.0,18.35,18.75,18.18,18.5,277300.0
DYN,2012-12-10,18.5,18.63,18.43,18.53,173600.0,0.0,1.0,18.5,18.63,18.43,18.53,173600.0
DYN,2012-12-11,18.37,18.72,18.32,18.72,263200.0,0.0,1.0,18.37,18.72,18.32,18.72,263200.0
DYN,2012-12-12,18.75,18.77,18.5,18.77,121900.0,0.0,1.0,18.75,18.77,18.5,18.77,121900.0
DYN,2012-12-13,18.68,18.75,18.59,18.73,147700.0,0.0,1.0,18.68,18.75,18.59,18.73,147700.0
DYN,2012-12-14,18.75,18.93,18.71,18.92,244300.0,0.0,1.0,18.75,18.93,18.71,18.92,244300.0
DYN,2012-12-17,18.9,19.02,18.76,18.84,172300.0,0.0,1.0,18.9,19.02,18.76,18.84,172300.0
DYN,2012-12-18,18.84,18.91,18.65,18.79,83300.0,0.0,1.0,18.84,18.91,18.65,18.79,83300.0
DYN,2012-12-19,18.75,18.75,18.45,18.54,183200.0,0.0,1.0,18.75,18.75,18.45,18.54,183200.0
DYN,2012-12-20,18.65,18.84,18.64,18.64,117600.0,0.0,1.0,18.65,18.84,18.64,18.64,117600.0
DYN,2012-12-21,18.47,19.01,18.47,19.01,586400.0,0.0,1.0,18.47,19.01,18.47,19.01,586400.0
DYN,2012-12-24,19.03,19.15,18.94,18.98,140400.0,0.0,1.0,19.03,19.15,18.94,18.98,140400.0
DYN,2012-12-26,18.95,19.04,18.83,19.03,188500.0,0.0,1.0,18.95,19.04,18.83,19.03,188500.0
DYN,2012-12-27,19.06,19.36,18.96,19.2,195900.0,0.0,1.0,19.06,19.36,18.96,19.2,195900.0
DYN,2012-12-28,19.2,19.2,18.99,19.14,207300.0,0.0,1.0,19.2,19.2,18.99,19.14,207300.0
DYN,2012-12-31,19.13,19.17,18.92,19.13,173900.0,0.0,1.0,19.13,19.17,18.92,19.13,173900.0
DYN,2013-01-02,19.28,19.62,19.1,19.39,898100.0,0.0,1.0,19.28,19.62,19.1,19.39,898100.0
DYN,2013-01-03,19.4,19.75,19.33,19.57,531500.0,0.0,1.0,19.4,19.75,19.33,19.57,531500.0
DYN,2013-01-04,19.59,20.48,19.48,20.15,770600.0,0.0,1.0,19.59,20.48,19.48,20.15,770600.0
DYN,2013-01-07,20.15,20.54,20.08,20.17,414000.0,0.0,1.0,20.15,20.54,20.08,20.17,414000.0
DYN,2013-01-08,20.3,20.34,20.07,20.25,969700.0,0.0,1.0,20.3,20.34,20.07,20.25,969700.0
DYN,2013-01-09,20.25,20.3,20.1,20.19,348000.0,0.0,1.0,20.25,20.3,20.1,20.19,348000.0
DYN,2013-01-10,20.09,20.18,19.73,20.11,436200.0,0.0,1.0,20.09,20.18,19.73,20.11,436200.0
DYN,2013-01-11,20.16,20.59,20.08,20.22,437600.0,0.0,1.0,20.16,20.59,20.08,20.22,437600.0
DYN,2013-01-14,20.25,20.42,19.97,20.22,410800.0,0.0,1.0,20.25,20.42,19.97,20.22,410800.0
DYN,2013-01-15,20.08,20.27,20.0,20.23,355500.0,0.0,1.0,20.08,20.27,20.0,20.23,355500.0
DYN,2013-01-16,20.26,20.71,20.15,20.43,1132100.0,0.0,1.0,20.26,20.71,20.15,20.43,1132100.0
DYN,2013-01-17,20.56,21.05,20.29,20.34,663000.0,0.0,1.0,20.56,21.05,20.29,20.34,663000.0
DYN,2013-01-18,20.41,20.47,19.83,20.05,1754500.0,0.0,1.0,20.41,20.47,19.83,20.05,1754500.0
DYN,2013-01-22,20.15,20.46,19.98,20.06,585600.0,0.0,1.0,20.15,20.46,19.98,20.06,585600.0
DYN,2013-01-23,20.15,20.17,19.92,20.08,517400.0,0.0,1.0,20.15,20.17,19.92,20.08,517400.0
DYN,2013-01-24,20.02,20.28,19.95,20.03,760500.0,0.0,1.0,20.02,20.28,19.95,20.03,760500.0
DYN,2013-01-25,20.0,20.2,19.94,20.03,729900.0,0.0,1.0,20.0,20.2,19.94,20.03,729900.0
DYN,2013-01-28,20.15,20.15,19.94,20.14,409900.0,0.0,1.0,20.15,20.15,19.94,20.14,409900.0
DYN,2013-01-29,20.15,20.4,20.12,20.2,563200.0,0.0,1.0,20.15,20.4,20.12,20.2,563200.0
DYN,2013-01-30,20.29,20.29,20.03,20.2,328200.0,0.0,1.0,20.29,20.29,20.03,20.2,328200.0
DYN,2013-01-31,20.21,20.23,19.67,20.0,594200.0,0.0,1.0,20.21,20.23,19.67,20.0,594200.0
DYN,2013-02-01,20.06,20.29,19.97,20.26,254900.0,0.0,1.0,20.06,20.29,19.97,20.26,254900.0
DYN,2013-02-04,20.17,20.17,19.94,20.02,186500.0,0.0,1.0,20.17,20.17,19.94,20.02,186500.0
DYN,2013-02-05,20.15,20.15,19.93,20.02,418400.0,0.0,1.0,20.15,20.15,19.93,20.02,418400.0
DYN,2013-02-06,19.94,20.13,19.94,19.98,335500.0,0.0,1.0,19.94,20.13,19.94,19.98,335500.0
DYN,2013-02-07,20.08,20.08,19.84,19.89,275000.0,0.0,1.0,20.08,20.08,19.84,19.89,275000.0
DYN,2013-02-08,19.9,20.03,19.79,19.84,151400.0,0.0,1.0,19.9,20.03,19.79,19.84,151400.0
DYN,2013-02-11,19.8,19.8,19.34,19.58,429200.0,0.0,1.0,19.8,19.8,19.34,19.58,429200.0
DYN,2013-02-12,19.64,19.99,19.43,19.92,609800.0,0.0,1.0,19.64,19.99,19.43,19.92,609800.0
DYN,2013-02-13,19.56,19.91,19.56,19.78,230100.0,0.0,1.0,19.56,19.91,19.56,19.78,230100.0
DYN,2013-02-14,19.66,19.66,19.45,19.62,192300.0,0.0,1.0,19.66,19.66,19.45,19.62,192300.0
DYN,2013-02-15,19.55,20.0,19.52,19.87,202000.0,0.0,1.0,19.55,20.0,19.52,19.87,202000.0
DYN,2013-02-19,19.83,20.0,19.73,19.75,313600.0,0.0,1.0,19.83,20.0,19.73,19.75,313600.0
DYN,2013-02-20,19.8,20.0,19.63,19.69,445000.0,0.0,1.0,19.8,20.0,19.63,19.69,445000.0
DYN,2013-02-21,19.62,19.81,19.41,19.67,103200.0,0.0,1.0,19.62,19.81,19.41,19.67,103200.0
DYN,2013-02-22,19.68,19.97,19.42,19.95,347200.0,0.0,1.0,19.68,19.97,19.42,19.95,347200.0
DYN,2013-02-25,19.95,20.04,19.74,19.87,225600.0,0.0,1.0,19.95,20.04,19.74,19.87,225600.0
DYN,2013-02-26,19.86,20.03,19.8,19.96,188800.0,0.0,1.0,19.86,20.03,19.8,19.96,188800.0
DYN,2013-02-27,19.9,20.02,19.74,19.83,510700.0,0.0,1.0,19.9,20.02,19.74,19.83,510700.0
DYN,2013-02-28,19.78,19.85,19.53,19.57,330500.0,0.0,1.0,19.78,19.85,19.53,19.57,330500.0
DYN,2013-03-01,19.51,19.8,19.5,19.76,206800.0,0.0,1.0,19.51,19.8,19.5,19.76,206800.0
DYN,2013-03-04,19.76,20.0,19.59,19.79,391500.0,0.0,1.0,19.76,20.0,19.59,19.79,391500.0
DYN,2013-03-05,19.83,19.99,19.8,19.93,1408700.0,0.0,1.0,19.83,19.99,19.8,19.93,1408700.0
DYN,2013-03-06,20.04,20.04,19.9,19.94,545200.0,0.0,1.0,20.04,20.04,19.9,19.94,545200.0
DYN,2013-03-07,19.93,20.17,19.9,20.02,1387900.0,0.0,1.0,19.93,20.17,19.9,20.02,1387900.0
DYN,2013-03-08,20.07,20.07,19.28,19.58,861200.0,0.0,1.0,20.07,20.07,19.28,19.58,861200.0
DYN,2013-03-11,19.64,19.98,19.52,19.7,577500.0,0.0,1.0,19.64,19.98,19.52,19.7,577500.0
DYN,2013-03-12,19.75,20.2,19.73,20.1,953600.0,0.0,1.0,19.75,20.2,19.73,20.1,953600.0
DYN,2013-03-13,20.17,20.19,19.97,20.18,522500.0,0.0,1.0,20.17,20.19,19.97,20.18,522500.0
DYN,2013-03-14,21.49,22.21,20.88,22.01,3572700.0,0.0,1.0,21.49,22.21,20.88,22.01,3572700.0
DYN,2013-03-15,22.2,23.1,21.86,22.9,3020000.0,0.0,1.0,22.2,23.1,21.86,22.9,3020000.0
DYN,2013-03-18,22.82,23.27,22.49,23.1,1188300.0,0.0,1.0,22.82,23.27,22.49,23.1,1188300.0
DYN,2013-03-19,23.14,23.5,22.85,23.13,954300.0,0.0,1.0,23.14,23.5,22.85,23.13,954300.0
DYN,2013-03-20,23.22,23.22,22.91,23.01,343800.0,0.0,1.0,23.22,23.22,22.91,23.01,343800.0
DYN,2013-03-21,23.02,23.08,22.93,23.08,276500.0,0.0,1.0,23.02,23.08,22.93,23.08,276500.0
DYN,2013-03-22,23.08,23.27,22.99,23.27,767700.0,0.0,1.0,23.08,23.27,22.99,23.27,767700.0
DYN,2013-03-25,23.4,23.4,23.11,23.29,1063500.0,0.0,1.0,23.4,23.4,23.11,23.29,1063500.0
DYN,2013-03-26,23.38,23.57,23.3,23.5,974700.0,0.0,1.0,23.38,23.57,23.3,23.5,974700.0
DYN,2013-03-27,23.31,23.76,23.27,23.76,517700.0,0.0,1.0,23.31,23.76,23.27,23.76,517700.0
DYN,2013-03-28,23.8,24.1,23.73,23.99,897900.0,0.0,1.0,23.8,24.1,23.73,23.99,897900.0
DYN,2013-04-01,23.96,24.12,23.91,24.12,573600.0,0.0,1.0,23.96,24.12,23.91,24.12,573600.0
DYN,2013-04-02,24.15,24.6,24.14,24.32,716500.0,0.0,1.0,24.15,24.6,24.14,24.32,716500.0
DYN,2013-04-03,24.36,24.36,24.11,24.29,837700.0,0.0,1.0,24.36,24.36,24.11,24.29,837700.0
DYN,2013-04-04,24.29,24.45,24.11,24.37,385200.0,0.0,1.0,24.29,24.45,24.11,24.37,385200.0
DYN,2013-04-05,24.12,24.29,24.03,24.13,737800.0,0.0,1.0,24.12,24.29,24.03,24.13,737800.0
DYN,2013-04-08,24.15,24.19,23.78,24.05,573100.0,0.0,1.0,24.15,24.19,23.78,24.05,573100.0
DYN,2013-04-09,24.08,24.59,24.05,24.55,905000.0,0.0,1.0,24.08,24.59,24.05,24.55,905000.0
DYN,2013-04-10,24.51,24.55,24.23,24.44,933600.0,0.0,1.0,24.51,24.55,24.23,24.44,933600.0
DYN,2013-04-11,24.45,24.74,24.26,24.43,527600.0,0.0,1.0,24.45,24.74,24.26,24.43,527600.0
DYN,2013-04-12,24.36,24.54,24.33,24.34,359800.0,0.0,1.0,24.36,24.54,24.33,24.34,359800.0
DYN,2013-04-15,24.17,24.22,23.86,23.98,463000.0,0.0,1.0,24.17,24.22,23.86,23.98,463000.0
DYN,2013-04-16,24.06,24.1,23.83,23.93,619100.0,0.0,1.0,24.06,24.1,23.83,23.93,619100.0
DYN,2013-04-17,23.9,23.99,23.15,23.19,738700.0,0.0,1.0,23.9,23.99,23.15,23.19,738700.0
DYN,2013-04-18,23.19,23.25,22.79,23.0,815800.0,0.0,1.0,23.19,23.25,22.79,23.0,815800.0
DYN,2013-04-19,22.99,23.5,22.95,23.39,739700.0,0.0,1.0,22.99,23.5,22.95,23.39,739700.0
DYN,2013-04-22,23.39,23.49,23.21,23.39,290700.0,0.0,1.0,23.39,23.49,23.21,23.39,290700.0
DYN,2013-04-23,23.37,23.8,23.32,23.71,680600.0,0.0,1.0,23.37,23.8,23.32,23.71,680600.0
DYN,2013-04-24,23.62,24.0,23.62,23.88,536500.0,0.0,1.0,23.62,24.0,23.62,23.88,536500.0
DYN,2013-04-25,23.99,24.0,23.84,23.85,520500.0,0.0,1.0,23.99,24.0,23.84,23.85,520500.0
DYN,2013-04-26,23.85,24.42,23.72,24.34,421800.0,0.0,1.0,23.85,24.42,23.72,24.34,421800.0
DYN,2013-04-29,24.34,24.78,24.15,24.55,433000.0,0.0,1.0,24.34,24.78,24.15,24.55,433000.0
DYN,2013-04-30,24.51,24.76,24.37,24.71,244500.0,0.0,1.0,24.51,24.76,24.37,24.71,244500.0
DYN,2013-05-01,24.72,24.81,24.26,24.36,469200.0,0.0,1.0,24.72,24.81,24.26,24.36,469200.0
DYN,2013-05-02,24.32,24.39,23.41,23.74,871000.0,0.0,1.0,24.32,24.39,23.41,23.74,871000.0
DYN,2013-05-03,23.83,23.95,23.67,23.91,237400.0,0.0,1.0,23.83,23.95,23.67,23.91,237400.0
DYN,2013-05-06,23.9,24.11,23.73,23.77,343100.0,0.0,1.0,23.9,24.11,23.73,23.77,343100.0
DYN,2013-05-07,23.7,23.84,23.24,23.5,437700.0,0.0,1.0,23.7,23.84,23.24,23.5,437700.0
DYN,2013-05-08,23.5,23.6,23.18,23.34,313200.0,0.0,1.0,23.5,23.6,23.18,23.34,313200.0
DYN,2013-05-09,23.29,23.62,23.1,23.2,303200.0,0.0,1.0,23.29,23.62,23.1,23.2,303200.0
DYN,2013-05-10,23.18,23.28,22.92,23.23,201000.0,0.0,1.0,23.18,23.28,22.92,23.23,201000.0
DYN,2013-05-13,23.23,23.23,22.7,22.96,257500.0,0.0,1.0,23.23,23.23,22.7,22.96,257500.0
DYN,2013-05-14,23.04,23.24,22.94,23.15,217800.0,0.0,1.0,23.04,23.24,22.94,23.15,217800.0
DYN,2013-05-15,23.29,23.68,22.97,23.62,341400.0,0.0,1.0,23.29,23.68,22.97,23.62,341400.0
DYN,2013-05-16,23.59,23.92,23.5,23.6,272400.0,0.0,1.0,23.59,23.92,23.5,23.6,272400.0
DYN,2013-05-17,23.56,23.99,23.55,23.9,153000.0,0.0,1.0,23.56,23.99,23.55,23.9,153000.0
DYN,2013-05-20,23.88,24.87,23.88,24.48,861000.0,0.0,1.0,23.88,24.87,23.88,24.48,861000.0
DYN,2013-05-21,24.39,24.8,24.29,24.76,899300.0,0.0,1.0,24.39,24.8,24.29,24.76,899300.0
DYN,2013-05-22,24.73,25.18,24.22,24.51,886300.0,0.0,1.0,24.73,25.18,24.22,24.51,886300.0
DYN,2013-05-23,24.35,24.45,23.93,24.35,434000.0,0.0,1.0,24.35,24.45,23.93,24.35,434000.0
DYN,2013-05-24,24.34,24.34,23.85,23.95,175300.0,0.0,1.0,24.34,24.34,23.85,23.95,175300.0
DYN,2013-05-28,23.74,24.41,23.53,23.96,761200.0,0.0,1.0,23.74,24.41,23.53,23.96,761200.0
DYN,2013-05-29,23.84,24.04,23.75,23.93,388400.0,0.0,1.0,23.84,24.04,23.75,23.93,388400.0
DYN,2013-05-30,23.91,24.24,23.72,24.15,352200.0,0.0,1.0,23.91,24.24,23.72,24.15,352200.0
DYN,2013-05-31,23.95,24.56,23.95,24.37,1357300.0,0.0,1.0,23.95,24.56,23.95,24.37,1357300.0
DYN,2013-06-03,24.3,24.61,24.01,24.19,312600.0,0.0,1.0,24.3,24.61,24.01,24.19,312600.0
DYN,2013-06-04,24.26,24.33,23.87,23.94,323800.0,0.0,1.0,24.26,24.33,23.87,23.94,323800.0
DYN,2013-06-05,23.86,24.02,23.67,23.77,514500.0,0.0,1.0,23.86,24.02,23.67,23.77,514500.0
DYN,2013-06-06,23.78,24.11,23.23,23.56,1582400.0,0.0,1.0,23.78,24.11,23.23,23.56,1582400.0
DYN,2013-06-07,23.5,23.75,23.09,23.7,1066900.0,0.0,1.0,23.5,23.75,23.09,23.7,1066900.0
DYN,2013-06-10,23.66,23.84,22.91,23.08,879600.0,0.0,1.0,23.66,23.84,22.91,23.08,879600.0
DYN,2013-06-11,22.93,23.07,22.4,22.8,985800.0,0.0,1.0,22.93,23.07,22.4,22.8,985800.0
DYN,2013-06-12,22.86,23.01,22.09,22.18,585000.0,0.0,1.0,22.86,23.01,22.09,22.18,585000.0
DYN,2013-06-13,22.08,22.79,21.73,22.72,1196700.0,0.0,1.0,22.08,22.79,21.73,22.72,1196700.0
DYN,2013-06-14,22.67,22.67,22.22,22.47,473100.0,0.0,1.0,22.67,22.67,22.22,22.47,473100.0
DYN,2013-06-17,22.58,23.1,22.55,23.0,509500.0,0.0,1.0,22.58,23.1,22.55,23.0,509500.0
DYN,2013-06-18,22.94,23.27,22.8,23.04,379300.0,0.0,1.0,22.94,23.27,22.8,23.04,379300.0
DYN,2013-06-19,22.97,23.0,22.43,22.51,313900.0,0.0,1.0,22.97,23.0,22.43,22.51,313900.0
DYN,2013-06-20,22.26,22.28,21.57,22.01,936500.0,0.0,1.0,22.26,22.28,21.57,22.01,936500.0
DYN,2013-06-21,22.1,22.37,21.75,22.37,1244300.0,0.0,1.0,22.1,22.37,21.75,22.37,1244300.0
DYN,2013-06-24,22.08,22.54,21.88,22.33,1071000.0,0.0,1.0,22.08,22.54,21.88,22.33,1071000.0
DYN,2013-06-25,22.45,22.53,21.99,22.23,724400.0,0.0,1.0,22.45,22.53,21.99,22.23,724400.0
DYN,2013-06-26,22.3,22.66,21.76,22.06,965600.0,0.0,1.0,22.3,22.66,21.76,22.06,965600.0
DYN,2013-06-27,22.16,22.32,21.53,22.0,1007400.0,0.0,1.0,22.16,22.32,21.53,22.0,1007400.0
DYN,2013-06-28,21.98,22.93,21.93,22.55,8969700.0,0.0,1.0,21.98,22.93,21.93,22.55,8969700.0
DYN,2013-07-01,22.58,23.03,21.35,21.35,900900.0,0.0,1.0,22.58,23.03,21.35,21.35,900900.0
DYN,2013-07-02,21.11,21.11,20.41,20.92,1881700.0,0.0,1.0,21.11,21.11,20.41,20.92,1881700.0
DYN,2013-07-03,20.81,20.81,20.48,20.75,584300.0,0.0,1.0,20.81,20.81,20.48,20.75,584300.0
DYN,2013-07-05,20.87,21.27,20.27,20.92,412500.0,0.0,1.0,20.87,21.27,20.27,20.92,412500.0
DYN,2013-07-08,20.98,21.52,20.82,21.14,668900.0,0.0,1.0,20.98,21.52,20.82,21.14,668900.0
DYN,2013-07-09,21.28,21.53,21.09,21.16,321100.0,0.0,1.0,21.28,21.53,21.09,21.16,321100.0
DYN,2013-07-10,21.11,21.46,21.05,21.46,355600.0,0.0,1.0,21.11,21.46,21.05,21.46,355600.0
DYN,2013-07-11,21.67,21.93,21.45,21.86,340800.0,0.0,1.0,21.67,21.93,21.45,21.86,340800.0
DYN,2013-07-12,21.81,21.97,21.64,21.8,322600.0,0.0,1.0,21.81,21.97,21.64,21.8,322600.0
DYN,2013-07-15,21.79,22.25,21.71,22.16,424400.0,0.0,1.0,21.79,22.25,21.71,22.16,424400.0
DYN,2013-07-16,22.2,22.34,21.95,22.01,389000.0,0.0,1.0,22.2,22.34,21.95,22.01,389000.0
DYN,2013-07-17,22.09,22.5,22.08,22.23,647000.0,0.0,1.0,22.09,22.5,22.08,22.23,647000.0
DYN,2013-07-18,22.26,23.17,22.26,22.62,724200.0,0.0,1.0,22.26,23.17,22.26,22.62,724200.0
DYN,2013-07-19,22.58,23.14,22.35,22.39,354200.0,0.0,1.0,22.58,23.14,22.35,22.39,354200.0
DYN,2013-07-22,22.38,22.94,22.38,22.79,405600.0,0.0,1.0,22.38,22.94,22.38,22.79,405600.0
DYN,2013-07-23,22.78,23.22,22.63,22.72,342200.0,0.0,1.0,22.78,23.22,22.63,22.72,342200.0
DYN,2013-07-24,22.74,22.74,21.79,21.87,353900.0,0.0,1.0,22.74,22.74,21.79,21.87,353900.0
DYN,2013-07-25,21.79,22.1,21.36,21.53,459500.0,0.0,1.0,21.79,22.1,21.36,21.53,459500.0
DYN,2013-07-26,21.35,21.76,21.19,21.63,230000.0,0.0,1.0,21.35,21.76,21.19,21.63,230000.0
DYN,2013-07-29,21.54,21.59,21.21,21.4,325600.0,0.0,1.0,21.54,21.59,21.21,21.4,325600.0
DYN,2013-07-30,21.53,21.53,20.85,20.95,234100.0,0.0,1.0,21.53,21.53,20.85,20.95,234100.0
DYN,2013-07-31,20.96,21.23,20.74,20.84,221800.0,0.0,1.0,20.96,21.23,20.74,20.84,221800.0
DYN,2013-08-01,20.79,20.79,19.47,20.02,933000.0,0.0,1.0,20.79,20.79,19.47,20.02,933000.0
DYN,2013-08-02,20.0,20.16,19.76,19.88,469600.0,0.0,1.0,20.0,20.16,19.76,19.88,469600.0
DYN,2013-08-05,19.8,19.91,19.5,19.59,351100.0,0.0,1.0,19.8,19.91,19.5,19.59,351100.0
DYN,2013-08-06,19.49,19.72,19.37,19.69,265600.0,0.0,1.0,19.49,19.72,19.37,19.69,265600.0
DYN,2013-08-07,19.59,19.76,19.43,19.46,301100.0,0.0,1.0,19.59,19.76,19.43,19.46,301100.0
DYN,2013-08-08,19.57,19.85,19.57,19.79,293600.0,0.0,1.0,19.57,19.85,19.57,19.79,293600.0
DYN,2013-08-09,19.71,19.94,19.71,19.8,369700.0,0.0,1.0,19.71,19.94,19.71,19.8,369700.0
DYN,2013-08-12,19.75,19.8,19.52,19.77,376700.0,0.0,1.0,19.75,19.8,19.52,19.77,376700.0
DYN,2013-08-13,19.71,19.85,19.67,19.74,219200.0,0.0,1.0,19.71,19.85,19.67,19.74,219200.0
DYN,2013-08-14,19.7,19.76,19.42,19.71,248600.0,0.0,1.0,19.7,19.76,19.42,19.71,248600.0
DYN,2013-08-15,19.47,19.7,19.41,19.54,263200.0,0.0,1.0,19.47,19.7,19.41,19.54,263200.0
DYN,2013-08-16,19.37,19.61,19.36,19.45,271200.0,0.0,1.0,19.37,19.61,19.36,19.45,271200.0
DYN,2013-08-19,19.4,19.53,19.0,19.11,418100.0,0.0,1.0,19.4,19.53,19.0,19.11,418100.0
DYN,2013-08-20,19.13,19.52,18.97,19.42,276600.0,0.0,1.0,19.13,19.52,18.97,19.42,276600.0
DYN,2013-08-21,19.36,19.5,19.01,19.36,213100.0,0.0,1.0,19.36,19.5,19.01,19.36,213100.0
DYN,2013-08-22,19.44,19.89,19.4,19.79,377700.0,0.0,1.0,19.44,19.89,19.4,19.79,377700.0
DYN,2013-08-23,19.77,19.87,19.37,19.48,213400.0,0.0,1.0,19.77,19.87,19.37,19.48,213400.0
DYN,2013-08-26,19.48,19.48,19.02,19.25,250800.0,0.0,1.0,19.48,19.48,19.02,19.25,250800.0
DYN,2013-08-27,19.14,19.44,19.03,19.39,351200.0,0.0,1.0,19.14,19.44,19.03,19.39,351200.0
DYN,2013-08-28,19.37,19.43,19.14,19.22,127600.0,0.0,1.0,19.37,19.43,19.14,19.22,127600.0
DYN,2013-08-29,19.22,19.53,19.15,19.47,170400.0,0.0,1.0,19.22,19.53,19.15,19.47,170400.0
DYN,2013-08-30,19.4,19.61,19.08,19.43,211000.0,0.0,1.0,19.4,19.61,19.08,19.43,211000.0
DYN,2013-09-03,19.59,19.62,19.15,19.27,217300.0,0.0,1.0,19.59,19.62,19.15,19.27,217300.0
DYN,2013-09-04,19.23,19.27,18.91,19.18,342700.0,0.0,1.0,19.23,19.27,18.91,19.18,342700.0
DYN,2013-09-05,19.14,19.31,18.88,19.09,449900.0,0.0,1.0,19.14,19.31,18.88,19.09,449900.0
DYN,2013-09-06,19.2,19.93,19.09,19.13,630600.0,0.0,1.0,19.2,19.93,19.09,19.13,630600.0
DYN,2013-09-09,19.19,19.68,18.96,19.58,339800.0,0.0,1.0,19.19,19.68,18.96,19.58,339800.0
DYN,2013-09-10,19.67,19.78,19.44,19.7,313500.0,0.0,1.0,19.67,19.78,19.44,19.7,313500.0
DYN,2013-09-11,19.65,19.72,19.39,19.57,213800.0,0.0,1.0,19.65,19.72,19.39,19.57,213800.0
DYN,2013-09-12,19.55,19.71,19.37,19.42,228100.0,0.0,1.0,19.55,19.71,19.37,19.42,228100.0
DYN,2013-09-13,19.53,19.67,19.21,19.36,410200.0,0.0,1.0,19.53,19.67,19.21,19.36,410200.0
DYN,2013-09-16,19.56,19.87,19.23,19.79,626500.0,0.0,1.0,19.56,19.87,19.23,19.79,626500.0
DYN,2013-09-17,19.8,19.99,19.79,19.88,325700.0,0.0,1.0,19.8,19.99,19.79,19.88,325700.0
DYN,2013-09-18,19.82,20.37,19.43,19.97,507500.0,0.0,1.0,19.82,20.37,19.43,19.97,507500.0
DYN,2013-09-19,20.05,20.19,19.54,19.63,316200.0,0.0,1.0,20.05,20.19,19.54,19.63,316200.0
DYN,2013-09-20,19.73,19.85,19.24,19.68,1015300.0,0.0,1.0,19.73,19.85,19.24,19.68,1015300.0
DYN,2013-09-23,19.68,19.89,19.42,19.64,441700.0,0.0,1.0,19.68,19.89,19.42,19.64,441700.0
DYN,2013-09-24,19.6,19.63,19.19,19.49,350000.0,0.0,1.0,19.6,19.63,19.19,19.49,350000.0
DYN,2013-09-25,19.46,19.66,19.4,19.59,515300.0,0.0,1.0,19.46,19.66,19.4,19.59,515300.0
DYN,2013-09-26,19.66,19.8,19.4,19.55,177500.0,0.0,1.0,19.66,19.8,19.4,19.55,177500.0
DYN,2013-09-27,19.42,19.53,19.18,19.38,225700.0,0.0,1.0,19.42,19.53,19.18,19.38,225700.0
DYN,2013-09-30,19.26,19.33,19.12,19.32,304900.0,0.0,1.0,19.26,19.33,19.12,19.32,304900.0
DYN,2013-10-01,19.27,19.61,19.27,19.52,406100.0,0.0,1.0,19.27,19.61,19.27,19.52,406100.0
DYN,2013-10-02,19.47,19.51,19.14,19.28,226100.0,0.0,1.0,19.47,19.51,19.14,19.28,226100.0
DYN,2013-10-03,19.2,19.34,18.12,18.93,482700.0,0.0,1.0,19.2,19.34,18.12,18.93,482700.0
DYN,2013-10-04,18.87,19.49,18.67,19.37,547600.0,0.0,1.0,18.87,19.49,18.67,19.37,547600.0
DYN,2013-10-07,19.28,19.28,18.92,19.04,237100.0,0.0,1.0,19.28,19.28,18.92,19.04,237100.0
DYN,2013-10-08,19.02,19.41,18.97,19.0,277900.0,0.0,1.0,19.02,19.41,18.97,19.0,277900.0
DYN,2013-10-09,19.08,19.53,18.93,19.19,402500.0,0.0,1.0,19.08,19.53,18.93,19.19,402500.0
DYN,2013-10-10,19.41,19.87,19.18,19.57,338800.0,0.0,1.0,19.41,19.87,19.18,19.57,338800.0
DYN,2013-10-11,19.5,19.95,19.4,19.88,376600.0,0.0,1.0,19.5,19.95,19.4,19.88,376600.0
DYN,2013-10-14,20.11,20.23,19.41,19.67,279000.0,0.0,1.0,20.11,20.23,19.41,19.67,279000.0
DYN,2013-10-15,19.58,19.6,19.15,19.18,316700.0,0.0,1.0,19.58,19.6,19.15,19.18,316700.0
DYN,2013-10-16,19.23,19.29,19.1,19.16,174900.0,0.0,1.0,19.23,19.29,19.1,19.16,174900.0
DYN,2013-10-17,18.93,19.35,18.11,19.17,538200.0,0.0,1.0,18.93,19.35,18.11,19.17,538200.0
DYN,2013-10-18,19.38,19.42,19.13,19.2,430000.0,0.0,1.0,19.38,19.42,19.13,19.2,430000.0
DYN,2013-10-21,19.25,19.51,19.16,19.26,244000.0,0.0,1.0,19.25,19.51,19.16,19.26,244000.0
DYN,2013-10-22,19.26,19.52,19.05,19.1,345300.0,0.0,1.0,19.26,19.52,19.05,19.1,345300.0
DYN,2013-10-23,18.99,19.62,18.44,18.5,558600.0,0.0,1.0,18.99,19.62,18.44,18.5,558600.0
DYN,2013-10-24,18.57,19.32,18.51,19.32,397500.0,0.0,1.0,18.57,19.32,18.51,19.32,397500.0
DYN,2013-10-25,19.4,19.74,19.13,19.67,324100.0,0.0,1.0,19.4,19.74,19.13,19.67,324100.0
DYN,2013-10-28,19.68,19.68,19.25,19.33,227700.0,0.0,1.0,19.68,19.68,19.25,19.33,227700.0
DYN,2013-10-29,19.4,19.79,19.15,19.58,265500.0,0.0,1.0,19.4,19.79,19.15,19.58,265500.0
DYN,2013-10-30,19.64,19.84,19.25,19.41,273600.0,0.0,1.0,19.64,19.84,19.25,19.41,273600.0
DYN,2013-10-31,19.36,19.77,19.09,19.43,271200.0,0.0,1.0,19.36,19.77,19.09,19.43,271200.0
DYN,2013-11-01,19.38,19.55,19.0,19.26,394400.0,0.0,1.0,19.38,19.55,19.0,19.26,394400.0
DYN,2013-11-04,19.33,19.44,19.04,19.31,229000.0,0.0,1.0,19.33,19.44,19.04,19.31,229000.0
DYN,2013-11-05,19.21,19.63,19.21,19.31,146400.0,0.0,1.0,19.21,19.63,19.21,19.31,146400.0
DYN,2013-11-06,19.42,19.53,19.21,19.49,180900.0,0.0,1.0,19.42,19.53,19.21,19.49,180900.0
DYN,2013-11-07,20.25,21.11,19.36,19.73,614000.0,0.0,1.0,20.25,21.11,19.36,19.73,614000.0
DYN,2013-11-08,19.69,20.35,19.42,20.28,520100.0,0.0,1.0,19.69,20.35,19.42,20.28,520100.0
DYN,2013-11-11,20.3,21.36,20.1,20.36,427300.0,0.0,1.0,20.3,21.36,20.1,20.36,427300.0
DYN,2013-11-12,20.26,20.41,19.63,20.05,239600.0,0.0,1.0,20.26,20.41,19.63,20.05,239600.0
DYN,2013-11-13,19.91,20.79,19.77,20.77,361600.0,0.0,1.0,19.91,20.79,19.77,20.77,361600.0
DYN,2013-11-14,20.79,21.11,20.6,21.0,338400.0,0.0,1.0,20.79,21.11,20.6,21.0,338400.0
DYN,2013-11-15,20.96,21.18,20.73,21.1,454300.0,0.0,1.0,20.96,21.18,20.73,21.1,454300.0
DYN,2013-11-18,21.11,21.22,20.67,20.89,307700.0,0.0,1.0,21.11,21.22,20.67,20.89,307700.0
DYN,2013-11-19,20.83,21.15,20.65,21.13,610000.0,0.0,1.0,20.83,21.15,20.65,21.13,610000.0
DYN,2013-11-20,21.2,21.51,21.09,21.18,517400.0,0.0,1.0,21.2,21.51,21.09,21.18,517400.0
DYN,2013-11-21,21.29,21.55,20.92,21.01,1022900.0,0.0,1.0,21.29,21.55,20.92,21.01,1022900.0
DYN,2013-11-22,21.07,21.51,20.93,21.3,709100.0,0.0,1.0,21.07,21.51,20.93,21.3,709100.0
DYN,2013-11-25,21.38,21.59,21.1,21.34,346000.0,0.0,1.0,21.38,21.59,21.1,21.34,346000.0
DYN,2013-11-26,21.25,21.65,21.15,21.45,393100.0,0.0,1.0,21.25,21.65,21.15,21.45,393100.0
DYN,2013-11-27,21.45,21.5,21.18,21.4,169300.0,0.0,1.0,21.45,21.5,21.18,21.4,169300.0
DYN,2013-11-29,21.52,21.52,21.3,21.41,195400.0,0.0,1.0,21.52,21.52,21.3,21.41,195400.0
DYN,2013-12-02,21.37,21.44,20.96,21.05,209500.0,0.0,1.0,21.37,21.44,20.96,21.05,209500.0
DYN,2013-12-03,20.97,21.26,20.9,21.2,448800.0,0.0,1.0,20.97,21.26,20.9,21.2,448800.0
DYN,2013-12-04,21.18,21.57,21.17,21.55,311800.0,0.0,1.0,21.18,21.57,21.17,21.55,311800.0
DYN,2013-12-05,21.59,22.05,21.41,21.66,338600.0,0.0,1.0,21.59,22.05,21.41,21.66,338600.0
DYN,2013-12-06,21.81,22.08,21.8,21.93,440700.0,0.0,1.0,21.81,22.08,21.8,21.93,440700.0
DYN,2013-12-09,21.93,21.99,21.37,21.67,439700.0,0.0,1.0,21.93,21.99,21.37,21.67,439700.0
DYN,2013-12-10,21.6,21.6,20.83,20.87,486500.0,0.0,1.0,21.6,21.6,20.83,20.87,486500.0
DYN,2013-12-11,20.96,20.96,20.19,20.42,375100.0,0.0,1.0,20.96,20.96,20.19,20.42,375100.0
DYN,2013-12-12,20.39,20.59,20.37,20.48,398600.0,0.0,1.0,20.39,20.59,20.37,20.48,398600.0
DYN,2013-12-13,20.54,20.7,20.4,20.6,253600.0,0.0,1.0,20.54,20.7,20.4,20.6,253600.0
DYN,2013-12-16,20.65,20.98,20.42,20.85,324700.0,0.0,1.0,20.65,20.98,20.42,20.85,324700.0
DYN,2013-12-17,21.11,21.23,20.87,21.14,323100.0,0.0,1.0,21.11,21.23,20.87,21.14,323100.0
DYN,2013-12-18,21.2,21.33,20.81,21.2,322100.0,0.0,1.0,21.2,21.33,20.81,21.2,322100.0
DYN,2013-12-19,21.22,21.43,21.01,21.21,194600.0,0.0,1.0,21.22,21.43,21.01,21.21,194600.0
DYN,2013-12-20,21.12,21.72,20.97,21.69,1059600.0,0.0,1.0,21.12,21.72,20.97,21.69,1059600.0
DYN,2013-12-23,21.7,21.79,21.35,21.5,327300.0,0.0,1.0,21.7,21.79,21.35,21.5,327300.0
DYN,2013-12-24,21.46,21.66,21.24,21.5,153600.0,0.0,1.0,21.46,21.66,21.24,21.5,153600.0
DYN,2013-12-26,21.52,21.71,21.41,21.56,139200.0,0.0,1.0,21.52,21.71,21.41,21.56,139200.0
DYN,2013-12-27,21.61,21.67,21.43,21.6,94800.0,0.0,1.0,21.61,21.67,21.43,21.6,94800.0
DYN,2013-12-30,21.55,21.78,21.48,21.7,143200.0,0.0,1.0,21.55,21.78,21.48,21.7,143200.0
DYN,2013-12-31,21.81,21.81,21.48,21.52,190800.0,0.0,1.0,21.81,21.81,21.48,21.52,190800.0
DYN,2014-01-02,21.42,21.42,20.98,21.2,306500.0,0.0,1.0,21.42,21.42,20.98,21.2,306500.0
DYN,2014-01-03,21.19,21.35,20.77,20.85,332500.0,0.0,1.0,21.19,21.35,20.77,20.85,332500.0
DYN,2014-01-06,20.92,21.23,20.74,21.1,372200.0,0.0,1.0,20.92,21.23,20.74,21.1,372200.0
DYN,2014-01-07,21.22,21.46,21.16,21.34,137300.0,0.0,1.0,21.22,21.46,21.16,21.34,137300.0
DYN,2014-01-08,21.28,21.46,20.85,21.0,400200.0,0.0,1.0,21.28,21.46,20.85,21.0,400200.0
DYN,2014-01-09,21.12,21.17,20.29,20.4,420000.0,0.0,1.0,21.12,21.17,20.29,20.4,420000.0
DYN,2014-01-10,20.46,20.56,20.06,20.17,322700.0,0.0,1.0,20.46,20.56,20.06,20.17,322700.0
DYN,2014-01-13,20.07,20.11,19.4,19.57,410300.0,0.0,1.0,20.07,20.11,19.4,19.57,410300.0
DYN,2014-01-14,19.67,19.8,19.45,19.59,247100.0,0.0,1.0,19.67,19.8,19.45,19.59,247100.0
DYN,2014-01-15,19.65,19.74,19.55,19.57,223300.0,0.0,1.0,19.65,19.74,19.55,19.57,223300.0
DYN,2014-01-16,19.53,19.91,19.49,19.86,184400.0,0.0,1.0,19.53,19.91,19.49,19.86,184400.0
DYN,2014-01-17,19.78,20.23,19.65,20.18,418300.0,0.0,1.0,19.78,20.23,19.65,20.18,418300.0
DYN,2014-01-21,20.32,20.77,20.08,20.68,673100.0,0.0,1.0,20.32,20.77,20.08,20.68,673100.0
DYN,2014-01-22,20.68,21.4,20.62,20.9,663900.0,0.0,1.0,20.68,21.4,20.62,20.9,663900.0
DYN,2014-01-23,20.74,20.74,19.95,20.21,401100.0,0.0,1.0,20.74,20.74,19.95,20.21,401100.0
DYN,2014-01-24,20.03,20.49,19.94,20.16,394400.0,0.0,1.0,20.03,20.49,19.94,20.16,394400.0
DYN,2014-01-27,20.22,20.36,19.84,19.98,843000.0,0.0,1.0,20.22,20.36,19.84,19.98,843000.0
DYN,2014-01-28,19.99,20.53,19.9,20.37,398300.0,0.0,1.0,19.99,20.53,19.9,20.37,398300.0
DYN,2014-01-29,20.24,21.12,20.21,20.49,1527000.0,0.0,1.0,20.24,21.12,20.21,20.49,1527000.0
DYN,2014-01-30,20.65,21.3,20.44,21.12,469900.0,0.0,1.0,20.65,21.3,20.44,21.12,469900.0
DYN,2014-01-31,20.72,21.02,20.3,20.36,313400.0,0.0,1.0,20.72,21.02,20.3,20.36,313400.0
DYN,2014-02-03,20.23,20.42,19.84,20.3,560500.0,0.0,1.0,20.23,20.42,19.84,20.3,560500.0
DYN,2014-02-04,20.35,20.6,20.02,20.45,469400.0,0.0,1.0,20.35,20.6,20.02,20.45,469400.0
DYN,2014-02-05,20.33,20.35,19.9,20.16,447400.0,0.0,1.0,20.33,20.35,19.9,20.16,447400.0
DYN,2014-02-06,20.24,20.99,20.22,20.67,712900.0,0.0,1.0,20.24,20.99,20.22,20.67,712900.0
DYN,2014-02-07,20.73,21.16,20.63,20.65,449800.0,0.0,1.0,20.73,21.16,20.63,20.65,449800.0
DYN,2014-02-10,20.57,20.57,19.8,20.02,301800.0,0.0,1.0,20.57,20.57,19.8,20.02,301800.0
DYN,2014-02-11,20.06,20.72,20.0,20.41,315500.0,0.0,1.0,20.06,20.72,20.0,20.41,315500.0
DYN,2014-02-12,20.41,20.7,20.36,20.54,385100.0,0.0,1.0,20.41,20.7,20.36,20.54,385100.0
DYN,2014-02-13,20.49,21.31,20.45,21.12,327300.0,0.0,1.0,20.49,21.31,20.45,21.12,327300.0
DYN,2014-02-14,21.16,21.38,20.68,21.3,238300.0,0.0,1.0,21.16,21.38,20.68,21.3,238300.0
DYN,2014-02-18,21.29,22.08,21.29,21.92,465300.0,0.0,1.0,21.29,22.08,21.29,21.92,465300.0
DYN,2014-02-19,21.82,22.1,21.77,21.96,420900.0,0.0,1.0,21.82,22.1,21.77,21.96,420900.0
DYN,2014-02-20,22.01,22.48,22.01,22.44,277800.0,0.0,1.0,22.01,22.48,22.01,22.44,277800.0
DYN,2014-02-21,22.27,23.2,21.99,22.7,426700.0,0.0,1.0,22.27,23.2,21.99,22.7,426700.0
DYN,2014-02-24,22.69,23.19,22.57,22.77,485600.0,0.0,1.0,22.69,23.19,22.57,22.77,485600.0
DYN,2014-02-25,22.83,23.15,22.65,22.99,417000.0,0.0,1.0,22.83,23.15,22.65,22.99,417000.0
DYN,2014-02-26,23.1,23.36,23.01,23.32,716400.0,0.0,1.0,23.1,23.36,23.01,23.32,716400.0
DYN,2014-02-27,23.59,24.14,22.75,22.87,794800.0,0.0,1.0,23.59,24.14,22.75,22.87,794800.0
DYN,2014-02-28,24.79,25.25,23.07,23.39,866900.0,0.0,1.0,24.79,25.25,23.07,23.39,866900.0
DYN,2014-03-03,23.26,23.65,22.69,23.03,407200.0,0.0,1.0,23.26,23.65,22.69,23.03,407200.0
DYN,2014-03-04,23.35,23.77,23.35,23.49,897900.0,0.0,1.0,23.35,23.77,23.35,23.49,897900.0
DYN,2014-03-05,23.37,23.71,23.25,23.64,806900.0,0.0,1.0,23.37,23.71,23.25,23.64,806900.0
DYN,2014-03-06,23.76,23.91,23.5,23.86,447600.0,0.0,1.0,23.76,23.91,23.5,23.86,447600.0
DYN,2014-03-07,24.12,24.14,23.76,23.97,465800.0,0.0,1.0,24.12,24.14,23.76,23.97,465800.0
DYN,2014-03-10,24.01,24.37,23.94,24.25,574700.0,0.0,1.0,24.01,24.37,23.94,24.25,574700.0
DYN,2014-03-11,24.3,24.43,23.86,24.11,465300.0,0.0,1.0,24.3,24.43,23.86,24.11,465300.0
DYN,2014-03-12,23.94,24.45,23.94,24.39,253200.0,0.0,1.0,23.94,24.45,23.94,24.39,253200.0
DYN,2014-03-13,24.48,24.58,24.11,24.18,470000.0,0.0,1.0,24.48,24.58,24.11,24.18,470000.0
DYN,2014-03-14,24.02,24.64,24.02,24.38,290100.0,0.0,1.0,24.02,24.64,24.02,24.38,290100.0
DYN,2014-03-17,24.57,24.62,24.39,24.44,292300.0,0.0,1.0,24.57,24.62,24.39,24.44,292300.0
DYN,2014-03-18,24.37,24.49,24.17,24.35,304900.0,0.0,1.0,24.37,24.49,24.17,24.35,304900.0
DYN,2014-03-19,24.35,24.42,23.92,23.97,267200.0,0.0,1.0,24.35,24.42,23.92,23.97,267200.0
DYN,2014-03-20,24.01,24.26,23.87,24.19,253400.0,0.0,1.0,24.01,24.26,23.87,24.19,253400.0
DYN,2014-03-21,24.23,24.55,24.13,24.48,1230900.0,0.0,1.0,24.23,24.55,24.13,24.48,1230900.0
DYN,2014-03-24,24.58,24.64,24.12,24.48,468600.0,0.0,1.0,24.58,24.64,24.12,24.48,468600.0
DYN,2014-03-25,24.54,24.69,24.3,24.39,297500.0,0.0,1.0,24.54,24.69,24.3,24.39,297500.0
DYN,2014-03-26,24.4,24.61,24.24,24.28,436300.0,0.0,1.0,24.4,24.61,24.24,24.28,436300.0
DYN,2014-03-27,24.32,24.72,24.32,24.71,249600.0,0.0,1.0,24.32,24.72,24.32,24.71,249600.0
DYN,2014-03-28,24.68,24.99,24.55,24.74,459800.0,0.0,1.0,24.68,24.99,24.55,24.74,459800.0
DYN,2014-03-31,24.94,25.12,24.85,24.94,531100.0,0.0,1.0,24.94,25.12,24.85,24.94,531100.0
DYN,2014-04-01,25.04,25.08,24.67,24.82,445300.0,0.0,1.0,25.04,25.08,24.67,24.82,445300.0
DYN,2014-04-02,24.84,25.09,24.75,24.99,593700.0,0.0,1.0,24.84,25.09,24.75,24.99,593700.0
DYN,2014-04-03,25.02,25.21,24.86,24.9,709500.0,0.0,1.0,25.02,25.21,24.86,24.9,709500.0
DYN,2014-04-04,25.65,25.65,25.0,25.39,1669800.0,0.0,1.0,25.65,25.65,25.0,25.39,1669800.0
DYN,2014-04-07,25.39,25.68,25.16,25.4,1183300.0,0.0,1.0,25.39,25.68,25.16,25.4,1183300.0
DYN,2014-04-08,25.52,25.52,25.25,25.36,1262000.0,0.0,1.0,25.52,25.52,25.25,25.36,1262000.0
DYN,2014-04-09,25.47,25.7,25.12,25.65,660400.0,0.0,1.0,25.47,25.7,25.12,25.65,660400.0
DYN,2014-04-10,25.65,25.85,25.33,25.45,397100.0,0.0,1.0,25.65,25.85,25.33,25.45,397100.0
DYN,2014-04-11,25.14,25.51,24.99,25.2,895600.0,0.0,1.0,25.14,25.51,24.99,25.2,895600.0
DYN,2014-04-14,25.88,25.99,25.09,25.2,1930300.0,0.0,1.0,25.88,25.99,25.09,25.2,1930300.0
DYN,2014-04-15,25.49,25.51,24.58,24.8,1047373.0,0.0,1.0,25.49,25.51,24.58,24.8,1047373.0
DYN,2014-04-16,24.95,25.72,24.95,25.5,857674.0,0.0,1.0,24.95,25.72,24.95,25.5,857674.0
DYN,2014-04-17,25.32,25.85,25.32,25.69,689448.0,0.0,1.0,25.32,25.85,25.32,25.69,689448.0
DYN,2014-04-21,26.12,26.4399,25.71,26.3,525762.0,0.0,1.0,26.12,26.4399,25.71,26.3,525762.0
DYN,2014-04-22,26.43,26.43,26.095,26.27,478810.0,0.0,1.0,26.43,26.43,26.095,26.27,478810.0
DYN,2014-04-23,26.295,27.75,26.14,27.61,5293252.0,0.0,1.0,26.295,27.75,26.14,27.61,5293252.0
DYN,2014-04-24,27.59,27.66,27.06,27.43,1869565.0,0.0,1.0,27.59,27.66,27.06,27.43,1869565.0
DYN,2014-04-25,27.46,27.565,27.23,27.43,667285.0,0.0,1.0,27.46,27.565,27.23,27.43,667285.0
DYN,2014-04-28,27.49,28.16,27.3,28.0,1725222.0,0.0,1.0,27.49,28.16,27.3,28.0,1725222.0
DYN,2014-04-29,28.03,28.35,27.82,28.2,1430099.0,0.0,1.0,28.03,28.35,27.82,28.2,1430099.0
DYN,2014-04-30,28.15,28.61,28.06,28.45,1140146.0,0.0,1.0,28.15,28.61,28.06,28.45,1140146.0
DYN,2014-05-01,28.32,29.34,28.13,29.26,2446697.0,0.0,1.0,28.32,29.34,28.13,29.26,2446697.0
DYN,2014-05-02,29.68,30.15,29.47,29.65,4258320.0,0.0,1.0,29.68,30.15,29.47,29.65,4258320.0
DYN,2014-05-05,29.53,30.28,29.43,30.26,1633511.0,0.0,1.0,29.53,30.28,29.43,30.26,1633511.0
DYN,2014-05-06,30.275,30.37,30.04,30.32,983149.0,0.0,1.0,30.275,30.37,30.04,30.32,983149.0
DYN,2014-05-07,30.31,31.24,30.3,31.0,1448779.0,0.0,1.0,30.31,31.24,30.3,31.0,1448779.0
DYN,2014-05-08,31.37,32.47,30.88,31.59,2930051.0,0.0,1.0,31.37,32.47,30.88,31.59,2930051.0
DYN,2014-05-12,32.21,32.66,31.91,32.39,1379491.0,0.0,1.0,32.21,32.66,31.91,32.39,1379491.0
DYN,2014-05-13,32.45,32.71,31.46,31.5,1880284.0,0.0,1.0,32.45,32.71,31.46,31.5,1880284.0
DYN,2014-05-14,31.54,31.72,30.86,31.37,1245678.0,0.0,1.0,31.54,31.72,30.86,31.37,1245678.0
DYN,2014-05-15,31.385,31.52,30.87,31.12,1150623.0,0.0,1.0,31.385,31.52,30.87,31.12,1150623.0
DYN,2014-05-16,31.3,31.64,31.04,31.53,641631.0,0.0,1.0,31.3,31.64,31.04,31.53,641631.0
DYN,2014-05-20,31.36,31.8,31.04,31.63,559786.0,0.0,1.0,31.36,31.8,31.04,31.63,559786.0
DYN,2014-05-21,31.7,31.8098,31.33,31.55,394111.0,0.0,1.0,31.7,31.8098,31.33,31.55,394111.0
DYN,2014-05-22,31.58,31.865,31.51,31.77,590433.0,0.0,1.0,31.58,31.865,31.51,31.77,590433.0
DYN,2014-05-23,31.84,32.23,31.62,31.78,642345.0,0.0,1.0,31.84,32.23,31.62,31.78,642345.0
DYN,2014-05-27,32.43,32.81,32.08,32.2,1025202.0,0.0,1.0,32.43,32.81,32.08,32.2,1025202.0
DYN,2014-05-28,32.23,32.65,32.15,32.42,1023367.0,0.0,1.0,32.23,32.65,32.15,32.42,1023367.0
DYN,2014-05-29,32.51,32.92,32.36,32.84,911500.0,0.0,1.0,32.51,32.92,32.36,32.84,911500.0
DYN,2014-05-30,32.935,33.79,32.86,33.7,1670798.0,0.0,1.0,32.935,33.79,32.86,33.7,1670798.0
DYN,2014-06-02,33.71,33.97,33.35,33.73,875952.0,0.0,1.0,33.71,33.97,33.35,33.73,875952.0
DYN,2014-06-03,33.44,34.07,33.24,33.9,872216.0,0.0,1.0,33.44,34.07,33.24,33.9,872216.0
DYN,2014-06-04,33.88,34.4,33.6701,34.38,1173764.0,0.0,1.0,33.88,34.4,33.6701,34.38,1173764.0
DYN,2014-06-05,34.47,35.14,34.4,34.88,1417038.0,0.0,1.0,34.47,35.14,34.4,34.88,1417038.0
DYN,2014-06-06,35.04,35.25,34.93,34.96,1012020.0,0.0,1.0,35.04,35.25,34.93,34.96,1012020.0
DYN,2014-06-09,34.99,35.63,34.79,35.55,856526.0,0.0,1.0,34.99,35.63,34.79,35.55,856526.0
DYN,2014-06-10,35.73,35.975,35.4,35.89,613983.0,0.0,1.0,35.73,35.975,35.4,35.89,613983.0
DYN,2014-06-11,35.57,36.06,35.52,35.62,545745.0,0.0,1.0,35.57,36.06,35.52,35.62,545745.0
DYN,2014-06-12,35.54,36.03,35.09,35.85,1456979.0,0.0,1.0,35.54,36.03,35.09,35.85,1456979.0
DYN,2014-06-13,35.89,36.25,35.59,36.0,1619826.0,0.0,1.0,35.89,36.25,35.59,36.0,1619826.0
DYN,2014-06-16,36.0,36.33,35.915,36.01,576036.0,0.0,1.0,36.0,36.33,35.915,36.01,576036.0
DYN,2014-06-17,36.01,36.32,35.83,35.88,600585.0,0.0,1.0,36.01,36.32,35.83,35.88,600585.0
DYN,2014-06-18,35.91,36.21,35.74,36.14,1751277.0,0.0,1.0,35.91,36.21,35.74,36.14,1751277.0
DYN,2014-06-19,36.08,36.57,35.89,35.9,912453.0,0.0,1.0,36.08,36.57,35.89,35.9,912453.0
DYN,2014-06-20,35.77,35.89,35.06,35.1,1970548.0,0.0,1.0,35.77,35.89,35.06,35.1,1970548.0
DYN,2014-06-23,35.26,35.6,34.57,34.63,662168.0,0.0,1.0,35.26,35.6,34.57,34.63,662168.0
DYN,2014-06-24,34.66,34.76,33.85,33.9,1078269.0,0.0,1.0,34.66,34.76,33.85,33.9,1078269.0
DYN,2014-06-25,33.7,34.74,33.49,34.7,714676.0,0.0,1.0,33.7,34.74,33.49,34.7,714676.0
DYN,2014-06-26,34.79,34.97,34.26,34.44,1391723.0,0.0,1.0,34.79,34.97,34.26,34.44,1391723.0
DYN,2014-06-27,34.49,34.87,34.31,34.51,804001.0,0.0,1.0,34.49,34.87,34.31,34.51,804001.0
DYN,2014-06-30,34.7,35.06,34.3501,34.8,501555.0,0.0,1.0,34.7,35.06,34.3501,34.8,501555.0
DYN,2014-07-01,34.785,34.99,34.26,34.28,831865.0,0.0,1.0,34.785,34.99,34.26,34.28,831865.0
DYN,2014-07-02,34.32,34.35,33.5,33.74,644391.0,0.0,1.0,34.32,34.35,33.5,33.74,644391.0
DYN,2014-07-03,33.75,33.95,33.28,33.43,245145.0,0.0,1.0,33.75,33.95,33.28,33.43,245145.0
DYN,2014-07-07,33.44,33.685,33.15,33.54,611583.0,0.0,1.0,33.44,33.685,33.15,33.54,611583.0
DYN,2014-07-08,33.8,33.85,33.48,33.59,976292.0,0.0,1.0,33.8,33.85,33.48,33.59,976292.0
DYN,2014-07-09,33.8,33.88,33.37,33.6,538514.0,0.0,1.0,33.8,33.88,33.37,33.6,538514.0
DYN,2014-07-10,32.97,33.2,32.3501,32.96,755676.0,0.0,1.0,32.97,33.2,32.3501,32.96,755676.0
DYN,2014-07-11,32.86,33.3,31.54,31.83,1320940.0,0.0,1.0,32.86,33.3,31.54,31.83,1320940.0
DYN,2014-07-14,31.26,31.4,29.92,29.96,2327300.0,0.0,1.0,31.26,31.4,29.92,29.96,2327300.0
DYN,2014-07-15,30.07,30.18,28.96,29.08,1238523.0,0.0,1.0,30.07,30.18,28.96,29.08,1238523.0
DYN,2014-07-16,28.94,29.48,28.81,29.0,894448.0,0.0,1.0,28.94,29.48,28.81,29.0,894448.0
DYN,2014-07-17,28.86,29.0,28.28,28.39,957369.0,0.0,1.0,28.86,29.0,28.28,28.39,957369.0
DYN,2014-07-18,28.25,29.09,28.07,28.54,1216068.0,0.0,1.0,28.25,29.09,28.07,28.54,1216068.0
DYN,2014-07-21,28.28,28.43,27.86,28.21,947408.0,0.0,1.0,28.28,28.43,27.86,28.21,947408.0
DYN,2014-07-22,28.17,28.18,27.38,27.52,1138972.0,0.0,1.0,28.17,28.18,27.38,27.52,1138972.0
DYN,2014-07-23,27.44,27.82,27.22,27.51,670212.0,0.0,1.0,27.44,27.82,27.22,27.51,670212.0
DYN,2014-07-24,27.51,27.68,27.34,27.43,487400.0,0.0,1.0,27.51,27.68,27.34,27.43,487400.0
DYN,2014-07-25,27.3,27.4,26.58,26.68,846725.0,0.0,1.0,27.3,27.4,26.58,26.68,846725.0
DYN,2014-07-28,27.25,27.55,26.98,27.32,1410528.0,0.0,1.0,27.25,27.55,26.98,27.32,1410528.0
DYN,2014-07-29,27.24,27.37,26.85,26.87,529389.0,0.0,1.0,27.24,27.37,26.85,26.87,529389.0
DYN,2014-07-30,26.89,27.08,26.52,26.62,357361.0,0.0,1.0,26.89,27.08,26.52,26.62,357361.0
DYN,2014-07-31,26.38,26.66,26.17,26.55,693489.0,0.0,1.0,26.38,26.66,26.17,26.55,693489.0
DYN,2014-08-01,26.51,27.1601,26.35,26.87,771994.0,0.0,1.0,26.51,27.1601,26.35,26.87,771994.0
DYN,2014-08-04,27.01,27.15,26.36,27.09,808437.0,0.0,1.0,27.01,27.15,26.36,27.09,808437.0
DYN,2014-08-05,26.96,27.52,26.82,27.18,1444054.0,0.0,1.0,26.96,27.52,26.82,27.18,1444054.0
DYN,2014-08-06,26.69,27.08,26.41,26.59,1624581.0,0.0,1.0,26.69,27.08,26.41,26.59,1624581.0
DYN,2014-08-07,25.53,27.13,25.3,26.6,1489066.0,0.0,1.0,25.53,27.13,25.3,26.6,1489066.0
DYN,2014-08-08,26.73,27.67,26.51,27.66,1314140.0,0.0,1.0,26.73,27.67,26.51,27.66,1314140.0
DYN,2014-08-11,27.76,27.98,27.66,27.95,996220.0,0.0,1.0,27.76,27.98,27.66,27.95,996220.0
DYN,2014-08-12,27.76,28.07,27.59,27.78,984683.0,0.0,1.0,27.76,28.07,27.59,27.78,984683.0
DYN,2014-08-13,27.78,27.79,27.52,27.78,622362.0,0.0,1.0,27.78,27.79,27.52,27.78,622362.0
DYN,2014-08-14,27.91,28.24,27.58,28.22,508105.0,0.0,1.0,27.91,28.24,27.58,28.22,508105.0
DYN,2014-08-15,28.4,28.62,27.78,28.2,674294.0,0.0,1.0,28.4,28.62,27.78,28.2,674294.0
DYN,2014-08-18,28.32,28.78,28.25,28.7,821753.0,0.0,1.0,28.32,28.78,28.25,28.7,821753.0
DYN,2014-08-19,28.65,29.4,28.612,29.38,829573.0,0.0,1.0,28.65,29.4,28.612,29.38,829573.0
DYN,2014-08-20,29.35,29.69,29.18,29.64,615611.0,0.0,1.0,29.35,29.69,29.18,29.64,615611.0
DYN,2014-08-21,29.6,30.03,29.58,29.72,690305.0,0.0,1.0,29.6,30.03,29.58,29.72,690305.0
DYN,2014-08-22,35.12,36.45,31.33,32.32,15411954.0,0.0,1.0,35.12,36.45,31.33,32.32,15411954.0
DYN,2014-08-25,32.41,33.07,31.44,32.58,2457327.0,0.0,1.0,32.41,33.07,31.44,32.58,2457327.0
DYN,2014-08-26,32.62,33.08,32.42,32.95,1445402.0,0.0,1.0,32.62,33.08,32.42,32.95,1445402.0
DYN,2014-08-27,33.24,33.2495,32.81,33.0,781684.0,0.0,1.0,33.24,33.2495,32.81,33.0,781684.0
DYN,2014-08-28,32.93,33.0,32.51,32.62,869794.0,0.0,1.0,32.93,33.0,32.51,32.62,869794.0
DYN,2014-08-29,32.77,32.86,32.51,32.68,800539.0,0.0,1.0,32.77,32.86,32.51,32.68,800539.0
DYN,2014-09-02,32.72,33.01,32.23,32.37,977069.0,0.0,1.0,32.72,33.01,32.23,32.37,977069.0
DYN,2014-09-03,32.4,32.51,31.79,31.88,645122.0,0.0,1.0,32.4,32.51,31.79,31.88,645122.0
DYN,2014-09-04,31.66,31.92,30.57,30.64,1250959.0,0.0,1.0,31.66,31.92,30.57,30.64,1250959.0
DYN,2014-09-05,30.68,31.14,30.41,31.04,805345.0,0.0,1.0,30.68,31.14,30.41,31.04,805345.0
DYN,2014-09-08,30.91,31.16,30.49,30.53,808840.0,0.0,1.0,30.91,31.16,30.49,30.53,808840.0
DYN,2014-09-09,30.54,30.76,30.31,30.49,779764.0,0.0,1.0,30.54,30.76,30.31,30.49,779764.0
DYN,2014-09-10,30.61,30.66,29.99,30.48,490240.0,0.0,1.0,30.61,30.66,29.99,30.48,490240.0
DYN,2014-09-11,30.29,30.36,29.92,30.17,975103.0,0.0,1.0,30.29,30.36,29.92,30.17,975103.0
DYN,2014-09-12,30.03,30.27,29.31,29.53,1124508.0,0.0,1.0,30.03,30.27,29.31,29.53,1124508.0
DYN,2014-09-15,29.63,29.68,29.24,29.48,437807.0,0.0,1.0,29.63,29.68,29.24,29.48,437807.0
DYN,2014-09-16,29.72,29.72,29.2,29.24,599601.0,0.0,1.0,29.72,29.72,29.2,29.24,599601.0
DYN,2014-09-17,29.15,29.83,29.18,29.42,602544.0,0.0,1.0,29.15,29.83,29.18,29.42,602544.0
DYN,2014-09-18,29.4,29.92,29.28,29.79,804344.0,0.0,1.0,29.4,29.92,29.28,29.79,804344.0
DYN,2014-09-19,29.71,30.4,29.59,30.04,2156940.0,0.0,1.0,29.71,30.4,29.59,30.04,2156940.0
DYN,2014-09-22,29.83,29.99,29.11,29.17,958512.0,0.0,1.0,29.83,29.99,29.11,29.17,958512.0
DYN,2014-09-23,29.4,30.075,29.235,29.38,898206.0,0.0,1.0,29.4,30.075,29.235,29.38,898206.0
DYN,2014-09-24,29.37,29.37,28.71,29.12,786379.0,0.0,1.0,29.37,29.37,28.71,29.12,786379.0
DYN,2014-09-25,28.98,29.3,28.59,28.61,1058229.0,0.0,1.0,28.98,29.3,28.59,28.61,1058229.0
DYN,2014-09-26,28.65,29.0,28.46,28.93,815155.0,0.0,1.0,28.65,29.0,28.46,28.93,815155.0
DYN,2014-09-29,28.85,29.38,28.72,29.31,743025.0,0.0,1.0,28.85,29.38,28.72,29.31,743025.0
DYN,2014-09-30,29.36,29.59,28.665,28.86,883467.0,0.0,1.0,29.36,29.59,28.665,28.86,883467.0
DYN,2014-10-01,30.21,30.299,29.42,30.0,1572362.0,0.0,1.0,30.21,30.299,29.42,30.0,1572362.0
DYN,2014-10-03,30.56,31.51,30.41,31.27,899555.0,0.0,1.0,30.56,31.51,30.41,31.27,899555.0
DYN,2014-10-06,31.2,31.58,31.05,31.3,772444.0,0.0,1.0,31.2,31.58,31.05,31.3,772444.0
DYN,2014-10-07,30.83,32.28,30.44,31.2,9132174.0,0.0,1.0,30.83,32.28,30.44,31.2,9132174.0
DYN,2014-10-08,31.13,31.27,30.38,31.04,21908051.0,0.0,1.0,31.13,31.27,30.38,31.04,21908051.0
DYN,2014-10-09,30.93,31.18,29.445,30.0,5277736.0,0.0,1.0,30.93,31.18,29.445,30.0,5277736.0
DYN,2014-10-10,29.98,30.67,29.36,29.57,3923673.0,0.0,1.0,29.98,30.67,29.36,29.57,3923673.0
DYN,2014-10-13,29.49,29.79,28.06,28.11,4121858.0,0.0,1.0,29.49,29.79,28.06,28.11,4121858.0
DYN,2014-10-14,28.51,28.78,27.14,27.46,4758253.0,0.0,1.0,28.51,28.78,27.14,27.46,4758253.0
DYN,2014-10-15,26.97,27.215,25.363,27.13,5624170.0,0.0,1.0,26.97,27.215,25.363,27.13,5624170.0
DYN,2014-10-16,26.76,28.69,26.6719,27.98,2663270.0,0.0,1.0,26.76,28.69,26.6719,27.98,2663270.0
DYN,2014-10-17,28.31,29.1,28.13,28.16,2453126.0,0.0,1.0,28.31,29.1,28.13,28.16,2453126.0
DYN,2014-10-20,27.96,28.48,27.71,28.43,1254216.0,0.0,1.0,27.96,28.48,27.71,28.43,1254216.0
DYN,2014-10-21,28.69,29.03,28.44,29.01,2087886.0,0.0,1.0,28.69,29.03,28.44,29.01,2087886.0
DYN,2014-10-22,29.02,30.15,29.02,29.49,2547916.0,0.0,1.0,29.02,30.15,29.02,29.49,2547916.0
DYN,2014-10-23,29.7,30.14,29.37,29.82,1503844.0,0.0,1.0,29.7,30.14,29.37,29.82,1503844.0
DYN,2014-10-24,29.89,30.01,29.4,29.75,1125752.0,0.0,1.0,29.89,30.01,29.4,29.75,1125752.0
DYN,2014-10-27,29.53,29.57,28.71,28.77,1169714.0,0.0,1.0,29.53,29.57,28.71,28.77,1169714.0
DYN,2014-10-28,28.9,28.91,28.2,28.82,2192935.0,0.0,1.0,28.9,28.91,28.2,28.82,2192935.0
DYN,2014-10-29,28.93,29.85,28.41,28.86,1529706.0,0.0,1.0,28.93,29.85,28.41,28.86,1529706.0
DYN,2014-10-30,28.8,32.25,28.73,29.62,2193757.0,0.0,1.0,28.8,32.25,28.73,29.62,2193757.0
DYN,2014-10-31,30.04,30.5,29.62,30.5,4568690.0,0.0,1.0,30.04,30.5,29.62,30.5,4568690.0
DYN,2014-11-03,30.51,31.59,30.47,31.14,2410696.0,0.0,1.0,30.51,31.59,30.47,31.14,2410696.0
DYN,2014-11-04,30.99,31.41,30.36,31.38,4211009.0,0.0,1.0,30.99,31.41,30.36,31.38,4211009.0
DYN,2014-11-05,31.56,32.81,31.45,32.8,3710293.0,0.0,1.0,31.56,32.81,31.45,32.8,3710293.0
DYN,2014-11-06,32.5,34.0,31.5405,33.93,4248719.0,0.0,1.0,32.5,34.0,31.5405,33.93,4248719.0
DYN,2014-11-07,34.24,34.82,34.23,34.76,2694720.0,0.0,1.0,34.24,34.82,34.23,34.76,2694720.0
DYN,2014-11-10,34.67,35.0,34.42,34.49,1492940.0,0.0,1.0,34.67,35.0,34.42,34.49,1492940.0
DYN,2014-11-11,34.67,34.81,34.2,34.7,1359051.0,0.0,1.0,34.67,34.81,34.2,34.7,1359051.0
DYN,2014-11-12,34.64,34.64,33.84,34.14,2295808.0,0.0,1.0,34.64,34.64,33.84,34.14,2295808.0
DYN,2014-11-13,34.16,34.38,33.14,33.22,1322193.0,0.0,1.0,34.16,34.38,33.14,33.22,1322193.0
DYN,2014-11-14,33.26,33.5,32.83,33.05,1331285.0,0.0,1.0,33.26,33.5,32.83,33.05,1331285.0
DYN,2014-11-17,33.03,34.16,32.64,33.96,1102480.0,0.0,1.0,33.03,34.16,32.64,33.96,1102480.0
DYN,2014-11-18,34.02,34.31,33.86,33.95,789451.0,0.0,1.0,34.02,34.31,33.86,33.95,789451.0
DYN,2014-11-19,33.76,33.97,33.27,33.58,1323832.0,0.0,1.0,33.76,33.97,33.27,33.58,1323832.0
DYN,2014-11-20,33.38,34.13,33.38,33.99,1659044.0,0.0,1.0,33.38,34.13,33.38,33.99,1659044.0
DYN,2014-11-21,34.07,34.39,34.01,34.23,1727719.0,0.0,1.0,34.07,34.39,34.01,34.23,1727719.0
DYN,2014-11-24,34.18,34.21,33.305,33.45,1178212.0,0.0,1.0,34.18,34.21,33.305,33.45,1178212.0
DYN,2014-11-25,33.33,33.51,32.44,32.93,2068509.0,0.0,1.0,33.33,33.51,32.44,32.93,2068509.0
DYN,2014-11-26,32.92,33.3,32.56,33.09,792109.0,0.0,1.0,32.92,33.3,32.56,33.09,792109.0
DYN,2014-11-28,32.6,33.63,32.6,33.15,630511.0,0.0,1.0,32.6,33.63,32.6,33.15,630511.0
DYN,2014-12-01,33.07,33.24,32.77,32.83,911209.0,0.0,1.0,33.07,33.24,32.77,32.83,911209.0
DYN,2014-12-02,32.87,33.09,32.37,32.58,1974411.0,0.0,1.0,32.87,33.09,32.37,32.58,1974411.0
DYN,2014-12-03,32.57,32.57,30.94,31.58,3456983.0,0.0,1.0,32.57,32.57,30.94,31.58,3456983.0
DYN,2014-12-04,31.58,31.99,30.7,30.87,2094493.0,0.0,1.0,31.58,31.99,30.7,30.87,2094493.0
DYN,2014-12-05,30.73,31.0,30.275,30.43,1798923.0,0.0,1.0,30.73,31.0,30.275,30.43,1798923.0
DYN,2014-12-08,30.26,30.36,29.56,29.75,1850937.0,0.0,1.0,30.26,30.36,29.56,29.75,1850937.0
DYN,2014-12-09,29.53,30.24,29.34,30.1,1947524.0,0.0,1.0,29.53,30.24,29.34,30.1,1947524.0
DYN,2014-12-10,29.78,29.97,28.43,29.15,3103669.0,0.0,1.0,29.78,29.97,28.43,29.15,3103669.0
DYN,2014-12-11,29.25,29.62,28.9,29.15,1297928.0,0.0,1.0,29.25,29.62,28.9,29.15,1297928.0
DYN,2014-12-12,28.88,28.9,28.35,28.58,2015851.0,0.0,1.0,28.88,28.9,28.35,28.58,2015851.0
DYN,2014-12-15,28.72,28.84,27.72,27.74,2569130.0,0.0,1.0,28.72,28.84,27.72,27.74,2569130.0
DYN,2014-12-16,27.68,28.84,27.52,28.32,1691026.0,0.0,1.0,27.68,28.84,27.52,28.32,1691026.0
DYN,2014-12-17,28.46,30.58,28.45,30.58,2822626.0,0.0,1.0,28.46,30.58,28.45,30.58,2822626.0
DYN,2014-12-18,30.81,31.46,30.45,30.96,2916537.0,0.0,1.0,30.81,31.46,30.45,30.96,2916537.0
DYN,2014-12-19,30.92,31.17,30.48,30.75,2586010.0,0.0,1.0,30.92,31.17,30.48,30.75,2586010.0
DYN,2014-12-22,30.64,30.71,28.47,29.03,2872268.0,0.0,1.0,30.64,30.71,28.47,29.03,2872268.0
DYN,2014-12-23,29.02,29.5,28.695,29.3,1745677.0,0.0,1.0,29.02,29.5,28.695,29.3,1745677.0
DYN,2014-12-24,29.62,30.04,29.36,29.42,543726.0,0.0,1.0,29.62,30.04,29.36,29.42,543726.0
DYN,2014-12-26,29.66,29.71,29.36,29.59,632507.0,0.0,1.0,29.66,29.71,29.36,29.59,632507.0
DYN,2014-12-29,29.61,31.15,29.59,31.08,1290080.0,0.0,1.0,29.61,31.15,29.59,31.08,1290080.0
DYN,2014-12-30,31.01,31.1598,30.62,30.8,1101211.0,0.0,1.0,31.01,31.1598,30.62,30.8,1101211.0
DYN,2014-12-31,30.93,31.14,29.95,30.35,1677205.0,0.0,1.0,30.93,31.14,29.95,30.35,1677205.0
DYN,2015-01-02,30.48,30.76,30.05,30.72,981825.0,0.0,1.0,30.48,30.76,30.05,30.72,981825.0
DYN,2015-01-05,30.45,30.49,29.43,29.54,1465820.0,0.0,1.0,30.45,30.49,29.43,29.54,1465820.0
DYN,2015-01-06,29.56,30.12,28.99,29.8,1421792.0,0.0,1.0,29.56,30.12,28.99,29.8,1421792.0
DYN,2015-01-07,29.99,30.19,29.26,29.38,1148819.0,0.0,1.0,29.99,30.19,29.26,29.38,1148819.0
DYN,2015-01-08,29.52,29.59,29.12,29.21,796579.0,0.0,1.0,29.52,29.59,29.12,29.21,796579.0
DYN,2015-01-09,29.22,29.69,28.94,29.58,942863.0,0.0,1.0,29.22,29.69,28.94,29.58,942863.0
DYN,2015-01-12,29.66,29.86,29.22,29.46,1438307.0,0.0,1.0,29.66,29.86,29.22,29.46,1438307.0
DYN,2015-01-14,30.31,31.51,30.29,31.35,1840919.0,0.0,1.0,30.31,31.51,30.29,31.35,1840919.0
DYN,2015-01-15,31.41,32.15,30.59,31.03,2751325.0,0.0,1.0,31.41,32.15,30.59,31.03,2751325.0
DYN,2015-01-16,31.05,31.56,30.75,31.39,1556925.0,0.0,1.0,31.05,31.56,30.75,31.39,1556925.0
DYN,2015-01-20,31.15,31.2,28.65,28.74,3718896.0,0.0,1.0,31.15,31.2,28.65,28.74,3718896.0
DYN,2015-01-21,28.85,29.75,28.67,29.51,3399515.0,0.0,1.0,28.85,29.75,28.67,29.51,3399515.0
DYN,2015-01-22,29.57,29.682,28.22,28.91,1705965.0,0.0,1.0,29.57,29.682,28.22,28.91,1705965.0
DYN,2015-01-23,28.76,29.27,28.634,28.85,1128870.0,0.0,1.0,28.76,29.27,28.634,28.85,1128870.0
DYN,2015-01-26,28.77,29.28,28.5,29.22,986343.0,0.0,1.0,28.77,29.28,28.5,29.22,986343.0
DYN,2015-01-28,29.1,29.235,28.23,28.36,1091622.0,0.0,1.0,29.1,29.235,28.23,28.36,1091622.0
DYN,2015-01-29,28.34,28.5,27.8,27.93,1021526.0,0.0,1.0,28.34,28.5,27.8,27.93,1021526.0
DYN,2015-01-30,27.67,27.975,27.3,27.32,1183020.0,0.0,1.0,27.67,27.975,27.3,27.32,1183020.0
DYN,2015-02-02,27.37,27.84,27.16,27.45,1503626.0,0.0,1.0,27.37,27.84,27.16,27.45,1503626.0
DYN,2015-02-03,27.55,28.32,27.3301,28.24,1269965.0,0.0,1.0,27.55,28.32,27.3301,28.24,1269965.0
DYN,2015-02-04,27.97,28.415,27.5,28.29,1433317.0,0.0,1.0,27.97,28.415,27.5,28.29,1433317.0
DYN,2015-02-05,28.54,28.83,28.1,28.45,2022369.0,0.0,1.0,28.54,28.83,28.1,28.45,2022369.0
DYN,2015-02-06,28.44,28.55,27.12,27.38,1497087.0,0.0,1.0,28.44,28.55,27.12,27.38,1497087.0
DYN,2015-02-09,27.34,29.3,27.32,28.5,3195628.0,0.0,1.0,27.34,29.3,27.32,28.5,3195628.0
DYN,2015-02-10,28.55,28.78,28.12,28.67,1552846.0,0.0,1.0,28.55,28.78,28.12,28.67,1552846.0
DYN,2015-02-11,28.64,29.43,28.26,28.49,1668899.0,0.0,1.0,28.64,29.43,28.26,28.49,1668899.0
DYN,2015-02-12,28.6,28.75,28.15,28.38,880401.0,0.0,1.0,28.6,28.75,28.15,28.38,880401.0
DYN,2015-02-13,28.4,28.93,28.23,28.39,1155461.0,0.0,1.0,28.4,28.93,28.23,28.39,1155461.0
DYN,2015-02-17,28.32,28.39,27.58,27.76,1224984.0,0.0,1.0,28.32,28.39,27.58,27.76,1224984.0
DYN,2015-02-18,27.8,28.78,27.71,28.59,1302175.0,0.0,1.0,27.8,28.78,27.71,28.59,1302175.0
DYN,2015-02-19,28.37,28.73,28.21,28.31,486165.0,0.0,1.0,28.37,28.73,28.21,28.31,486165.0
DYN,2015-02-20,28.25,29.33,28.1,29.31,1585583.0,0.0,1.0,28.25,29.33,28.1,29.31,1585583.0
DYN,2015-02-23,29.26,30.08,29.2,30.07,1523365.0,0.0,1.0,29.26,30.08,29.2,30.07,1523365.0
DYN,2015-02-24,30.0,31.09,29.91,30.39,3112866.0,0.0,1.0,30.0,31.09,29.91,30.39,3112866.0
DYN,2015-02-25,29.88,30.71,28.9,29.55,4464279.0,0.0,1.0,29.88,30.71,28.9,29.55,4464279.0
DYN,2015-02-26,29.62,29.73,28.07,28.3,2362071.0,0.0,1.0,29.62,29.73,28.07,28.3,2362071.0
DYN,2015-02-27,28.34,28.44,27.67,27.87,2051469.0,0.0,1.0,28.34,28.44,27.67,27.87,2051469.0
DYN,2015-03-02,27.66,27.66,26.63,27.21,2884318.0,0.0,1.0,27.66,27.66,26.63,27.21,2884318.0
DYN,2015-03-03,27.16,27.52,26.94,27.24,1951694.0,0.0,1.0,27.16,27.52,26.94,27.24,1951694.0
DYN,2015-03-04,27.28,27.59,26.74,27.09,1866350.0,0.0,1.0,27.28,27.59,26.74,27.09,1866350.0
DYN,2015-03-05,27.15,27.82,26.95,27.29,1105437.0,0.0,1.0,27.15,27.82,26.95,27.29,1105437.0
DYN,2015-03-06,26.94,27.3,26.73,27.07,940283.0,0.0,1.0,26.94,27.3,26.73,27.07,940283.0
DYN,2015-03-09,27.07,27.07,26.36,26.5,2116119.0,0.0,1.0,27.07,27.07,26.36,26.5,2116119.0
DYN,2015-03-10,26.18,26.87,26.13,26.13,1488163.0,0.0,1.0,26.18,26.87,26.13,26.13,1488163.0
DYN,2015-03-11,26.2,26.29,25.77,26.06,1938237.0,0.0,1.0,26.2,26.29,25.77,26.06,1938237.0
DYN,2015-03-12,26.18,26.39,25.6,26.2,1947518.0,0.0,1.0,26.18,26.39,25.6,26.2,1947518.0
DYN,2015-03-13,26.1,27.09,25.97,26.81,2080410.0,0.0,1.0,26.1,27.09,25.97,26.81,2080410.0
DYN,2015-03-16,27.05,27.3,26.849,27.17,1063339.0,0.0,1.0,27.05,27.3,26.849,27.17,1063339.0
DYN,2015-03-17,27.22,28.28,27.22,27.98,2101415.0,0.0,1.0,27.22,28.28,27.22,27.98,2101415.0
DYN,2015-03-18,27.77,29.0,27.7,28.84,1521503.0,0.0,1.0,27.77,29.0,27.7,28.84,1521503.0
DYN,2015-03-19,28.57,28.79,27.88,27.9,947599.0,0.0,1.0,28.57,28.79,27.88,27.9,947599.0
DYN,2015-03-20,28.05,28.1857,27.7,28.08,1250936.0,0.0,1.0,28.05,28.1857,27.7,28.08,1250936.0
DYN,2015-03-23,28.05,28.57,27.82,28.3,844003.0,0.0,1.0,28.05,28.57,27.82,28.3,844003.0
DYN,2015-03-24,28.32,28.4,27.71,27.98,1211694.0,0.0,1.0,28.32,28.4,27.71,27.98,1211694.0
DYN,2015-03-25,27.96,28.11,27.38,27.8,1032887.0,0.0,1.0,27.96,28.11,27.38,27.8,1032887.0
DYN,2015-03-26,27.82,28.42,27.674,28.05,1456841.0,0.0,1.0,27.82,28.42,27.674,28.05,1456841.0
DYN,2015-03-27,28.03,28.455,28.01,28.29,1995975.0,0.0,1.0,28.03,28.455,28.01,28.29,1995975.0
DYN,2015-03-30,29.85,31.0,29.34,30.88,6106818.0,0.0,1.0,29.85,31.0,29.34,30.88,6106818.0
DYN,2015-03-31,30.78,31.59,30.73,31.43,2301515.0,0.0,1.0,30.78,31.59,30.73,31.43,2301515.0
DYN,2015-04-01,29.78,30.85,28.72,30.3,3777477.0,0.0,1.0,29.78,30.85,28.72,30.3,3777477.0
DYN,2015-04-02,30.52,31.58,30.44,31.29,1613493.0,0.0,1.0,30.52,31.58,30.44,31.29,1613493.0
DYN,2015-04-06,31.25,32.14,31.14,31.67,1665979.0,0.0,1.0,31.25,32.14,31.14,31.67,1665979.0
DYN,2015-04-07,31.6,31.96,30.7,31.7,1252672.0,0.0,1.0,31.6,31.96,30.7,31.7,1252672.0
DYN,2015-04-08,32.19,32.38,30.93,31.01,1746759.0,0.0,1.0,32.19,32.38,30.93,31.01,1746759.0
DYN,2015-04-09,31.0,31.11,30.44,30.85,1017658.0,0.0,1.0,31.0,31.11,30.44,30.85,1017658.0
DYN,2015-04-10,31.05,31.47,30.63,31.31,1223371.0,0.0,1.0,31.05,31.47,30.63,31.31,1223371.0
DYN,2015-04-13,31.35,31.56,30.85,30.89,626928.0,0.0,1.0,31.35,31.56,30.85,30.89,626928.0
DYN,2015-04-14,31.03,31.28,30.48,30.53,994563.0,0.0,1.0,31.03,31.28,30.48,30.53,994563.0
DYN,2015-04-15,32.16,32.8,31.61,32.37,3469538.0,0.0,1.0,32.16,32.8,31.61,32.37,3469538.0
DYN,2015-04-16,32.22,32.78,31.98,32.69,1180814.0,0.0,1.0,32.22,32.78,31.98,32.69,1180814.0
DYN,2015-04-17,32.58,32.83,32.14,32.32,1571812.0,0.0,1.0,32.58,32.83,32.14,32.32,1571812.0
DYN,2015-04-20,32.65,33.63,32.65,32.94,1322746.0,0.0,1.0,32.65,33.63,32.65,32.94,1322746.0
DYN,2015-04-21,32.94,33.48,32.79,33.04,1098696.0,0.0,1.0,32.94,33.48,32.79,33.04,1098696.0
DYN,2015-04-22,33.15,33.7,32.91,33.28,2018368.0,0.0,1.0,33.15,33.7,32.91,33.28,2018368.0
DYN,2015-04-23,33.25,33.48,32.45,32.67,1215171.0,0.0,1.0,33.25,33.48,32.45,32.67,1215171.0
DYN,2015-04-24,32.66,34.69,32.2,33.53,3085284.0,0.0,1.0,32.66,34.69,32.2,33.53,3085284.0
DYN,2015-04-27,33.43,33.73,32.96,33.08,884450.0,0.0,1.0,33.43,33.73,32.96,33.08,884450.0
DYN,2015-04-28,33.02,33.26,32.79,33.2,1160638.0,0.0,1.0,33.02,33.26,32.79,33.2,1160638.0
DYN,2015-04-29,33.01,33.66,32.83,33.6,1000122.0,0.0,1.0,33.01,33.66,32.83,33.6,1000122.0
DYN,2015-04-30,33.43,33.95,32.57,33.27,1721578.0,0.0,1.0,33.43,33.95,32.57,33.27,1721578.0
DYN,2015-05-01,33.28,34.01,33.1,33.99,1309910.0,0.0,1.0,33.28,34.01,33.1,33.99,1309910.0
DYN,2015-05-04,34.06,34.65,33.75,34.16,1733394.0,0.0,1.0,34.06,34.65,33.75,34.16,1733394.0
DYN,2015-05-05,34.14,34.23,33.06,33.4,2287960.0,0.0,1.0,34.14,34.23,33.06,33.4,2287960.0
DYN,2015-05-06,33.41,33.58,32.32,32.73,2034033.0,0.0,1.0,33.41,33.58,32.32,32.73,2034033.0
DYN,2015-05-07,31.86,33.97,31.86,32.48,2513167.0,0.0,1.0,31.86,33.97,31.86,32.48,2513167.0
DYN,2015-05-08,33.52,33.52,32.71,33.07,1758866.0,0.0,1.0,33.52,33.52,32.71,33.07,1758866.0
DYN,2015-05-11,32.89,33.31,32.28,32.56,1501923.0,0.0,1.0,32.89,33.31,32.28,32.56,1501923.0
DYN,2015-05-12,32.46,33.04,31.99,32.87,1491601.0,0.0,1.0,32.46,33.04,31.99,32.87,1491601.0
DYN,2015-05-13,32.98,33.12,32.22,32.38,996057.0,0.0,1.0,32.98,33.12,32.22,32.38,996057.0
DYN,2015-05-14,32.47,32.57,31.81,32.4,1364076.0,0.0,1.0,32.47,32.57,31.81,32.4,1364076.0
DYN,2015-05-15,32.65,34.11,32.64,33.85,4360616.0,0.0,1.0,32.65,34.11,32.64,33.85,4360616.0
DYN,2015-05-18,33.69,34.04,33.35,33.6,1684244.0,0.0,1.0,33.69,34.04,33.35,33.6,1684244.0
DYN,2015-05-19,33.44,33.44,32.61,33.07,1595714.0,0.0,1.0,33.44,33.44,32.61,33.07,1595714.0
DYN,2015-05-20,33.01,33.08,32.35,32.59,2172723.0,0.0,1.0,33.01,33.08,32.35,32.59,2172723.0
DYN,2015-05-21,32.89,33.41,32.65,32.98,2000555.0,0.0,1.0,32.89,33.41,32.65,32.98,2000555.0
DYN,2015-05-22,32.93,32.93,32.03,32.69,1369133.0,0.0,1.0,32.93,32.93,32.03,32.69,1369133.0
DYN,2015-05-26,32.61,32.69,32.05,32.36,1085458.0,0.0,1.0,32.61,32.69,32.05,32.36,1085458.0
DYN,2015-05-27,32.41,32.62,32.25,32.51,2596195.0,0.0,1.0,32.41,32.62,32.25,32.51,2596195.0
DYN,2015-05-28,32.38,32.76,32.3,32.72,834208.0,0.0,1.0,32.38,32.76,32.3,32.72,834208.0
DYN,2015-05-29,32.59,32.76,32.01,32.34,1108218.0,0.0,1.0,32.59,32.76,32.01,32.34,1108218.0
DYN,2015-06-01,32.38,32.485,31.98,32.16,1394506.0,0.0,1.0,32.38,32.485,31.98,32.16,1394506.0
DYN,2015-06-02,32.12,32.37,31.82,32.29,1970313.0,0.0,1.0,32.12,32.37,31.82,32.29,1970313.0
DYN,2015-06-03,32.2,32.54,31.605,32.42,1581821.0,0.0,1.0,32.2,32.54,31.605,32.42,1581821.0
DYN,2015-06-04,32.28,32.59,31.75,32.18,2115649.0,0.0,1.0,32.28,32.59,31.75,32.18,2115649.0
DYN,2015-06-05,31.98,32.22,31.66,31.96,926999.0,0.0,1.0,31.98,32.22,31.66,31.96,926999.0
DYN,2015-06-08,32.08,32.08,31.47,31.53,1193351.0,0.0,1.0,32.08,32.08,31.47,31.53,1193351.0
DYN,2015-06-09,31.48,32.02,31.04,31.94,2032981.0,0.0,1.0,31.48,32.02,31.04,31.94,2032981.0
DYN,2015-06-10,33.62,34.5,33.3,33.65,7819003.0,0.0,1.0,33.62,34.5,33.3,33.65,7819003.0
DYN,2015-06-11,33.73,34.0,33.36,33.76,1833996.0,0.0,1.0,33.73,34.0,33.36,33.76,1833996.0
DYN,2015-06-12,33.57,33.8575,32.84,33.16,1485494.0,0.0,1.0,33.57,33.8575,32.84,33.16,1485494.0
DYN,2015-06-15,33.28,33.92,32.86,33.87,1545067.0,0.0,1.0,33.28,33.92,32.86,33.87,1545067.0
DYN,2015-06-16,33.75,34.08,33.57,34.0,1574233.0,0.0,1.0,33.75,34.08,33.57,34.0,1574233.0
DYN,2015-06-17,34.23,34.23,32.93,33.37,2818217.0,0.0,1.0,34.23,34.23,32.93,33.37,2818217.0
DYN,2015-06-18,33.36,33.915,33.36,33.54,1504216.0,0.0,1.0,33.36,33.915,33.36,33.54,1504216.0
DYN,2015-06-19,33.55,33.73,33.24,33.31,867745.0,0.0,1.0,33.55,33.73,33.24,33.31,867745.0
DYN,2015-06-22,33.29,33.72,33.23,33.44,739315.0,0.0,1.0,33.29,33.72,33.23,33.44,739315.0
DYN,2015-06-23,33.3,33.45,32.85,32.9,1238726.0,0.0,1.0,33.3,33.45,32.85,32.9,1238726.0
DYN,2015-06-24,32.92,33.09,32.67,32.71,2383741.0,0.0,1.0,32.92,33.09,32.67,32.71,2383741.0
DYN,2015-06-25,32.78,33.0,32.04,32.06,2747428.0,0.0,1.0,32.78,33.0,32.04,32.06,2747428.0
DYN,2015-06-26,32.1,32.1,30.43,30.57,4283434.0,0.0,1.0,32.1,32.1,30.43,30.57,4283434.0
DYN,2015-06-29,30.49,30.89,29.51,29.51,3489226.0,0.0,1.0,30.49,30.89,29.51,29.51,3489226.0
DYN,2015-06-30,29.63,29.76,28.68,29.34,2367516.0,0.0,1.0,29.63,29.76,28.68,29.34,2367516.0
DYN,2015-07-01,29.4,30.08,29.0,29.4,2821465.0,0.0,1.0,29.4,30.08,29.0,29.4,2821465.0
DYN,2015-07-02,29.84,30.12,29.43,30.07,1750256.0,0.0,1.0,29.84,30.12,29.43,30.07,1750256.0
DYN,2015-07-06,29.89,30.11,29.52,29.89,1831828.0,0.0,1.0,29.89,30.11,29.52,29.89,1831828.0
DYN,2015-07-07,29.92,29.93,29.18,29.56,1805081.0,0.0,1.0,29.92,29.93,29.18,29.56,1805081.0
DYN,2015-07-08,29.16,29.52,28.36,28.61,1775722.0,0.0,1.0,29.16,29.52,28.36,28.61,1775722.0
DYN,2015-07-09,28.75,29.08,28.22,28.43,1298497.0,0.0,1.0,28.75,29.08,28.22,28.43,1298497.0
DYN,2015-07-10,28.16,28.98,28.0,28.7,2482851.0,0.0,1.0,28.16,28.98,28.0,28.7,2482851.0
DYN,2015-07-14,29.57,29.7,29.18,29.49,1078185.0,0.0,1.0,29.57,29.7,29.18,29.49,1078185.0
DYN,2015-07-15,29.48,29.61,29.17,29.47,897188.0,0.0,1.0,29.48,29.61,29.17,29.47,897188.0
DYN,2015-07-16,29.21,29.79,29.79,29.42,1098098.0,0.0,1.0,29.21,29.79,29.79,29.42,1098098.0
DYN,2015-07-17,29.52,30.18,29.29,29.37,1502403.0,0.0,1.0,29.52,30.18,29.29,29.37,1502403.0
DYN,2015-07-20,28.9,29.24,28.1,28.28,1701988.0,0.0,1.0,28.9,29.24,28.1,28.28,1701988.0
DYN,2015-07-21,28.3,28.615,27.035,27.1,1631070.0,0.0,1.0,28.3,28.615,27.035,27.1,1631070.0
DYN,2015-07-22,27.05,28.0135,26.83,27.58,3030121.0,0.0,1.0,27.05,28.0135,26.83,27.58,3030121.0
DYN,2015-07-23,27.2,27.26,26.12,26.22,4622854.0,0.0,1.0,27.2,27.26,26.12,26.22,4622854.0
DYN,2015-07-24,26.08,26.3,24.84,24.94,4164710.0,0.0,1.0,26.08,26.3,24.84,24.94,4164710.0
DYN,2015-07-27,25.05,25.09,23.97,24.2,3611540.0,0.0,1.0,25.05,25.09,23.97,24.2,3611540.0
DYN,2015-07-28,24.15,24.96,24.12,24.95,2342267.0,0.0,1.0,24.15,24.96,24.12,24.95,2342267.0
DYN,2015-07-29,25.0,25.435,24.39,25.35,3229994.0,0.0,1.0,25.0,25.435,24.39,25.35,3229994.0
DYN,2015-07-30,25.34,26.01,25.09,25.88,2307552.0,0.0,1.0,25.34,26.01,25.09,25.88,2307552.0
DYN,2015-07-31,25.92,26.7,25.87,26.05,1860294.0,0.0,1.0,25.92,26.7,25.87,26.05,1860294.0
DYN,2015-08-03,26.19,26.19,25.01,25.16,1311432.0,0.0,1.0,26.19,26.19,25.01,25.16,1311432.0
DYN,2015-08-04,25.2,25.2,23.99,24.45,2651634.0,0.0,1.0,25.2,25.2,23.99,24.45,2651634.0
DYN,2015-08-05,24.62,25.07,24.07,24.23,1967313.0,0.0,1.0,24.62,25.07,24.07,24.23,1967313.0
DYN,2015-08-06,23.76,24.29,23.216,23.39,2999031.0,0.0,1.0,23.76,24.29,23.216,23.39,2999031.0
DYN,2015-08-07,17.34,25.0,17.34,22.72,3821478.0,0.0,1.0,17.34,25.0,17.34,22.72,3821478.0
DYN,2015-08-10,22.94,23.72,22.37,23.66,2574367.0,0.0,1.0,22.94,23.72,22.37,23.66,2574367.0
DYN,2015-08-11,23.5,23.72,22.74,23.14,2035970.0,0.0,1.0,23.5,23.72,22.74,23.14,2035970.0
DYN,2015-08-12,22.91,24.775,22.68,24.49,3156805.0,0.0,1.0,22.91,24.775,22.68,24.49,3156805.0
DYN,2015-08-13,24.38,25.405,24.25,24.84,3359739.0,0.0,1.0,24.38,25.405,24.25,24.84,3359739.0
DYN,2015-08-14,24.97,25.81,24.9,25.52,2694373.0,0.0,1.0,24.97,25.81,24.9,25.52,2694373.0
DYN,2015-08-17,25.4,26.25,25.24,26.08,2836847.0,0.0,1.0,25.4,26.25,25.24,26.08,2836847.0
DYN,2015-08-18,25.9,26.4,25.33,26.26,2394611.0,0.0,1.0,25.9,26.4,25.33,26.26,2394611.0
DYN,2015-08-19,26.01,26.89,25.62,26.48,2974928.0,0.0,1.0,26.01,26.89,25.62,26.48,2974928.0
DYN,2015-08-20,26.17,26.455,25.45,25.55,3257150.0,0.0,1.0,26.17,26.455,25.45,25.55,3257150.0
DYN,2015-08-21,24.48,25.635,24.01,25.32,2980003.0,0.0,1.0,24.48,25.635,24.01,25.32,2980003.0
DYN,2015-08-24,25.36,26.515,24.34,24.96,2457418.0,0.0,1.0,25.36,26.515,24.34,24.96,2457418.0
DYN,2015-08-25,25.52,25.79,23.9,23.93,2204909.0,0.0,1.0,25.52,25.79,23.9,23.93,2204909.0
DYN,2015-08-26,24.58,24.61,23.62,24.22,1515566.0,0.0,1.0,24.58,24.61,23.62,24.22,1515566.0
DYN,2015-08-27,24.1,25.88,24.02,25.41,4183415.0,0.0,1.0,24.1,25.88,24.02,25.41,4183415.0
DYN,2015-08-28,25.66,26.27,25.13,25.81,1948867.0,0.0,1.0,25.66,26.27,25.13,25.81,1948867.0
DYN,2015-08-31,25.53,25.85,25.11,25.75,2343386.0,0.0,1.0,25.53,25.85,25.11,25.75,2343386.0
DYN,2015-09-01,25.26,26.18,24.95,25.25,2677598.0,0.0,1.0,25.26,26.18,24.95,25.25,2677598.0
DYN,2015-09-02,25.18,25.69,24.17,24.67,2226977.0,0.0,1.0,25.18,25.69,24.17,24.67,2226977.0
DYN,2015-09-03,24.69,25.59,24.1,25.15,1291384.0,0.0,1.0,24.69,25.59,24.1,25.15,1291384.0
DYN,2015-09-04,24.75,24.86,24.18,24.19,1299264.0,0.0,1.0,24.75,24.86,24.18,24.19,1299264.0
DYN,2015-09-08,24.47,25.18,24.23,24.78,1357812.0,0.0,1.0,24.47,25.18,24.23,24.78,1357812.0
DYN,2015-09-09,25.04,25.6,24.8,24.86,1543801.0,0.0,1.0,25.04,25.6,24.8,24.86,1543801.0
DYN,2015-09-10,24.79,25.38,24.72,24.85,1483587.0,0.0,1.0,24.79,25.38,24.72,24.85,1483587.0
DYN,2015-09-11,24.66,25.22,24.29,24.6,1727324.0,0.0,1.0,24.66,25.22,24.29,24.6,1727324.0
DYN,2015-09-14,24.57,24.82,24.26,24.71,2161805.0,0.0,1.0,24.57,24.82,24.26,24.71,2161805.0
DYN,2015-09-15,24.84,25.57,24.74,25.12,2136180.0,0.0,1.0,24.84,25.57,24.74,25.12,2136180.0
DYN,2015-09-16,25.01,25.635,24.84,25.49,1428198.0,0.0,1.0,25.01,25.635,24.84,25.49,1428198.0
DYN,2015-09-17,25.51,26.62,25.32,25.81,2787910.0,0.0,1.0,25.51,26.62,25.32,25.81,2787910.0
DYN,2015-09-18,25.37,25.73,24.5825,24.72,2913016.0,0.0,1.0,25.37,25.73,24.5825,24.72,2913016.0
DYN,2015-09-21,24.87,24.98,22.7,22.85,3106788.0,0.0,1.0,24.87,24.98,22.7,22.85,3106788.0
DYN,2015-09-22,22.68,22.74,20.32,21.57,7857296.0,0.0,1.0,22.68,22.74,20.32,21.57,7857296.0
DYN,2015-09-23,21.75,22.18,20.425,20.52,4698708.0,0.0,1.0,21.75,22.18,20.425,20.52,4698708.0
DYN,2015-09-24,20.25,20.4,18.96,19.68,5893752.0,0.0,1.0,20.25,20.4,18.96,19.68,5893752.0
DYN,2015-09-25,19.74,21.02,19.68,20.67,4977539.0,0.0,1.0,19.74,21.02,19.68,20.67,4977539.0
DYN,2015-09-28,20.33,20.965,19.75,20.0,2738516.0,0.0,1.0,20.33,20.965,19.75,20.0,2738516.0
DYN,2015-09-29,19.95,20.51,19.705,19.93,3150505.0,0.0,1.0,19.95,20.51,19.705,19.93,3150505.0
DYN,2015-09-30,20.02,20.74,19.87,20.67,3322956.0,0.0,1.0,20.02,20.74,19.87,20.67,3322956.0
DYN,2015-10-01,20.73,21.65,20.63,21.47,3765921.0,0.0,1.0,20.73,21.65,20.63,21.47,3765921.0
DYN,2015-10-02,21.41,21.66,20.21,21.65,4915846.0,0.0,1.0,21.41,21.66,20.21,21.65,4915846.0
DYN,2015-10-05,21.95,23.135,21.71,23.03,2307296.0,0.0,1.0,21.95,23.135,21.71,23.03,2307296.0
DYN,2015-10-06,23.1,23.57,22.83,23.01,2455422.0,0.0,1.0,23.1,23.57,22.83,23.01,2455422.0
DYN,2015-10-07,23.29,24.15,22.8,23.29,2711650.0,0.0,1.0,23.29,24.15,22.8,23.29,2711650.0
DYN,2015-10-08,23.36,24.25,23.18,23.7,3448059.0,0.0,1.0,23.36,24.25,23.18,23.7,3448059.0
DYN,2015-10-09,23.79,24.0,23.04,23.14,2834134.0,0.0,1.0,23.79,24.0,23.04,23.14,2834134.0
DYN,2015-10-12,23.07,23.48,22.89,23.35,1794254.0,0.0,1.0,23.07,23.48,22.89,23.35,1794254.0
DYN,2015-10-13,23.08,24.05,23.08,23.25,1954515.0,0.0,1.0,23.08,24.05,23.08,23.25,1954515.0
DYN,2015-10-14,23.34,23.83,23.01,23.22,1538460.0,0.0,1.0,23.34,23.83,23.01,23.22,1538460.0
DYN,2015-10-15,23.24,23.69,22.85,23.62,1475954.0,0.0,1.0,23.24,23.69,22.85,23.62,1475954.0
DYN,2015-10-16,23.59,23.73,22.9,23.22,1656131.0,0.0,1.0,23.59,23.73,22.9,23.22,1656131.0
DYN,2015-10-19,22.96,23.295,22.66,23.12,1154941.0,0.0,1.0,22.96,23.295,22.66,23.12,1154941.0
DYN,2015-10-20,23.14,23.79,23.04,23.07,1342785.0,0.0,1.0,23.14,23.79,23.04,23.07,1342785.0
DYN,2015-10-21,22.98,22.99,21.83,21.88,1640394.0,0.0,1.0,22.98,22.99,21.83,21.88,1640394.0
DYN,2015-10-22,22.01,22.19,21.2,21.75,2698336.0,0.0,1.0,22.01,22.19,21.2,21.75,2698336.0
DYN,2015-10-23,21.81,22.12,20.1901,20.49,3705654.0,0.0,1.0,21.81,22.12,20.1901,20.49,3705654.0
DYN,2015-10-26,20.26,20.41,18.83,19.17,4192341.0,0.0,1.0,20.26,20.41,18.83,19.17,4192341.0
DYN,2015-10-27,19.1,19.1,17.34,18.38,5596405.0,0.0,1.0,19.1,19.1,17.34,18.38,5596405.0
DYN,2015-10-28,18.47,19.61,18.21,19.11,3969195.0,0.0,1.0,18.47,19.61,18.21,19.11,3969195.0
DYN,2015-10-29,18.94,19.56,18.78,19.46,2714031.0,0.0,1.0,18.94,19.56,18.78,19.46,2714031.0
DYN,2015-10-30,19.44,19.62,19.16,19.43,2399994.0,0.0,1.0,19.44,19.62,19.16,19.43,2399994.0
DYN,2015-11-02,19.36,19.71,19.01,19.7,2499419.0,0.0,1.0,19.36,19.71,19.01,19.7,2499419.0
DYN,2015-11-03,19.43,20.35,19.43,20.01,2823075.0,0.0,1.0,19.43,20.35,19.43,20.01,2823075.0
DYN,2015-11-04,20.16,21.02,20.01,20.52,2842804.0,0.0,1.0,20.16,21.02,20.01,20.52,2842804.0
DYN,2015-11-05,20.6,20.6,18.92,18.98,3462362.0,0.0,1.0,20.6,20.6,18.92,18.98,3462362.0
DYN,2015-11-06,18.59,18.86,17.7,18.1,5262688.0,0.0,1.0,18.59,18.86,17.7,18.1,5262688.0
DYN,2015-11-09,17.95,18.33,17.25,17.52,3289750.0,0.0,1.0,17.95,18.33,17.25,17.52,3289750.0
DYN,2015-11-10,17.55,17.885,17.32,17.74,2485054.0,0.0,1.0,17.55,17.885,17.32,17.74,2485054.0
DYN,2015-11-11,17.75,17.8,16.795,16.87,3594730.0,0.0,1.0,17.75,17.8,16.795,16.87,3594730.0
DYN,2015-11-12,16.68,17.36,16.45,16.71,2492599.0,0.0,1.0,16.68,17.36,16.45,16.71,2492599.0
DYN,2015-11-13,16.7,17.34,16.57,16.88,2781875.0,0.0,1.0,16.7,17.34,16.57,16.88,2781875.0
DYN,2015-11-16,16.79,17.38,16.64,17.22,2392061.0,0.0,1.0,16.79,17.38,16.64,17.22,2392061.0
DYN,2015-11-17,17.4,17.65,16.435,16.47,2060881.0,0.0,1.0,17.4,17.65,16.435,16.47,2060881.0
DYN,2015-11-18,16.43,17.1,16.32,16.99,2256405.0,0.0,1.0,16.43,17.1,16.32,16.99,2256405.0
DYN,2015-11-19,16.99,17.18,16.59,16.75,1599560.0,0.0,1.0,16.99,17.18,16.59,16.75,1599560.0
DYN,2015-11-20,16.9,17.19,16.33,16.39,1576526.0,0.0,1.0,16.9,17.19,16.33,16.39,1576526.0
DYN,2015-11-23,16.34,16.48,16.06,16.31,2144078.0,0.0,1.0,16.34,16.48,16.06,16.31,2144078.0
DYN,2015-11-24,16.27,16.73,16.11,16.65,2345943.0,0.0,1.0,16.27,16.73,16.11,16.65,2345943.0
DYN,2015-11-25,16.5,17.51,16.46,16.71,3088579.0,0.0,1.0,16.5,17.51,16.46,16.71,3088579.0
DYN,2015-11-27,16.67,16.91,15.945,15.97,1168921.0,0.0,1.0,16.67,16.91,15.945,15.97,1168921.0
DYN,2015-11-30,16.05,16.41,15.77,16.12,3597000.0,0.0,1.0,16.05,16.41,15.77,16.12,3597000.0
DYN,2015-12-01,16.14,16.68,15.81,16.28,3050234.0,0.0,1.0,16.14,16.68,15.81,16.28,3050234.0
DYN,2015-12-02,16.21,16.21,14.265,14.46,5471172.0,0.0,1.0,16.21,16.21,14.265,14.46,5471172.0
DYN,2015-12-03,14.42,14.89,13.8525,13.93,4742328.0,0.0,1.0,14.42,14.89,13.8525,13.93,4742328.0
DYN,2015-12-04,13.79,13.95,11.33,11.44,9969004.0,0.0,1.0,13.79,13.95,11.33,11.44,9969004.0
DYN,2015-12-07,11.33,11.59,11.17,11.53,7497795.0,0.0,1.0,11.33,11.59,11.17,11.53,7497795.0
DYN,2015-12-08,11.33,11.715,10.88,11.58,7623734.0,0.0,1.0,11.33,11.715,10.88,11.58,7623734.0
DYN,2015-12-09,11.52,11.95,11.26,11.5,6006650.0,0.0,1.0,11.52,11.95,11.26,11.5,6006650.0
DYN,2015-12-10,11.5,11.8,11.35,11.65,3150698.0,0.0,1.0,11.5,11.8,11.35,11.65,3150698.0
DYN,2015-12-11,11.55,11.735,10.99,11.03,2820436.0,0.0,1.0,11.55,11.735,10.99,11.03,2820436.0
DYN,2015-12-14,10.82,10.96,9.62,10.02,5106373.0,0.0,1.0,10.82,10.96,9.62,10.02,5106373.0
DYN,2015-12-15,10.17,10.62,10.17,10.37,3331057.0,0.0,1.0,10.17,10.62,10.17,10.37,3331057.0
DYN,2015-12-16,10.54,10.65,10.09,10.29,3389426.0,0.0,1.0,10.54,10.65,10.09,10.29,3389426.0
DYN,2015-12-17,10.37,10.4,9.97,10.25,5533959.0,0.0,1.0,10.37,10.4,9.97,10.25,5533959.0
DYN,2015-12-18,10.25,11.27,10.18,11.21,7160867.0,0.0,1.0,10.25,11.27,10.18,11.21,7160867.0
DYN,2015-12-21,11.25,12.28,11.21,12.02,6222569.0,0.0,1.0,11.25,12.28,11.21,12.02,6222569.0
DYN,2015-12-22,11.92,12.67,11.81,12.2,3321524.0,0.0,1.0,11.92,12.67,11.81,12.2,3321524.0
DYN,2015-12-23,12.3,13.29,12.25,13.03,3835842.0,0.0,1.0,12.3,13.29,12.25,13.03,3835842.0
DYN,2015-12-24,12.94,13.16,12.8,13.03,2203126.0,0.0,1.0,12.94,13.16,12.8,13.03,2203126.0
DYN,2015-12-28,13.04,13.28,12.85,12.9,3417036.0,0.0,1.0,13.04,13.28,12.85,12.9,3417036.0
DYN,2015-12-29,12.99,13.35,12.565,13.21,2729675.0,0.0,1.0,12.99,13.35,12.565,13.21,2729675.0
DYN,2015-12-30,13.01,13.3,12.6,12.79,2031412.0,0.0,1.0,13.01,13.3,12.6,12.79,2031412.0
DYN,2015-12-31,12.91,13.65,12.81,13.4,1857271.0,0.0,1.0,12.91,13.65,12.81,13.4,1857271.0
DYN,2016-01-04,13.13,13.29,12.595,12.87,2417195.0,0.0,1.0,13.13,13.29,12.595,12.87,2417195.0
DYN,2016-01-05,12.89,13.07,12.36,13.02,2074990.0,0.0,1.0,12.89,13.07,12.36,13.02,2074990.0
DYN,2016-01-06,12.84,12.91,12.32,12.53,2366969.0,0.0,1.0,12.84,12.91,12.32,12.53,2366969.0
DYN,2016-01-07,12.36,13.1,12.26,12.53,1801842.0,0.0,1.0,12.36,13.1,12.26,12.53,1801842.0
DYN,2016-01-08,12.56,13.41,12.22,13.09,5288442.0,0.0,1.0,12.56,13.41,12.22,13.09,5288442.0
DYN,2016-01-11,13.16,13.16,12.16,12.46,6140506.0,0.0,1.0,13.16,13.16,12.16,12.46,6140506.0
DYN,2016-01-12,12.43,12.8,11.61,12.24,6356175.0,0.0,1.0,12.43,12.8,11.61,12.24,6356175.0
DYN,2016-01-13,12.29,12.95,11.64,11.76,6868682.0,0.0,1.0,12.29,12.95,11.64,11.76,6868682.0
DYN,2016-01-14,11.87,12.895,11.6001,12.61,9099787.0,0.0,1.0,11.87,12.895,11.6001,12.61,9099787.0
DYN,2016-01-15,12.21,12.3,11.09,11.32,4261918.0,0.0,1.0,12.21,12.3,11.09,11.32,4261918.0
DYN,2016-01-19,11.42,11.42,10.69,10.96,2618190.0,0.0,1.0,11.42,11.42,10.69,10.96,2618190.0
DYN,2016-01-20,10.69,10.86,9.91,10.55,4753172.0,0.0,1.0,10.69,10.86,9.91,10.55,4753172.0
DYN,2016-01-21,10.55,11.25,10.54,10.58,5136043.0,0.0,1.0,10.55,11.25,10.54,10.58,5136043.0
DYN,2016-01-22,10.65,11.2,10.38,11.17,5085007.0,0.0,1.0,10.65,11.2,10.38,11.17,5085007.0
DYN,2016-01-25,10.86,11.2,9.86,9.88,3468838.0,0.0,1.0,10.86,11.2,9.86,9.88,3468838.0
DYN,2016-01-26,10.12,10.93,9.67,10.79,2778599.0,0.0,1.0,10.12,10.93,9.67,10.79,2778599.0
DYN,2016-01-27,10.57,11.39,10.38,11.07,3170470.0,0.0,1.0,10.57,11.39,10.38,11.07,3170470.0
DYN,2016-01-28,11.3,11.58,11.06,11.37,1879205.0,0.0,1.0,11.3,11.58,11.06,11.37,1879205.0
DYN,2016-01-29,11.32,12.01,11.32,11.84,3439535.0,0.0,1.0,11.32,12.01,11.32,11.84,3439535.0
DYN,2016-02-01,11.79,12.025,11.17,11.93,2259550.0,0.0,1.0,11.79,12.025,11.17,11.93,2259550.0
DYN,2016-02-02,11.71,11.87,10.87,11.05,2785745.0,0.0,1.0,11.71,11.87,10.87,11.05,2785745.0
DYN,2016-02-03,11.27,12.02,11.18,12.0,3008208.0,0.0,1.0,11.27,12.02,11.18,12.0,3008208.0
DYN,2016-02-04,12.01,12.77,11.85,12.17,2604285.0,0.0,1.0,12.01,12.77,11.85,12.17,2604285.0
DYN,2016-02-05,12.02,12.6,11.71,12.11,3673810.0,0.0,1.0,12.02,12.6,11.71,12.11,3673810.0
DYN,2016-02-08,11.93,11.98,10.55,10.9,2324644.0,0.0,1.0,11.93,11.98,10.55,10.9,2324644.0
DYN,2016-02-09,10.53,11.12,10.29,10.96,2075325.0,0.0,1.0,10.53,11.12,10.29,10.96,2075325.0
DYN,2016-02-10,10.64,10.73,9.89,10.31,2751650.0,0.0,1.0,10.64,10.73,9.89,10.31,2751650.0
DYN,2016-02-11,9.89,9.98,8.74,8.86,3314134.0,0.0,1.0,9.89,9.98,8.74,8.86,3314134.0
DYN,2016-02-12,9.09,9.15,8.18,8.45,3584840.0,0.0,1.0,9.09,9.15,8.18,8.45,3584840.0
DYN,2016-02-16,8.44,8.505,7.79,8.05,4737957.0,0.0,1.0,8.44,8.505,7.79,8.05,4737957.0
DYN,2016-02-17,8.05,8.91,8.04,8.46,4948607.0,0.0,1.0,8.05,8.91,8.04,8.46,4948607.0
DYN,2016-02-18,8.28,8.35,7.84,8.08,3458868.0,0.0,1.0,8.28,8.35,7.84,8.08,3458868.0
DYN,2016-02-19,8.01,8.05,7.5,7.81,4234071.0,0.0,1.0,8.01,8.05,7.5,7.81,4234071.0
DYN,2016-02-22,7.86,7.935,7.33,7.43,4764650.0,0.0,1.0,7.86,7.935,7.33,7.43,4764650.0
DYN,2016-02-23,7.35,7.9,7.2,7.82,5706849.0,0.0,1.0,7.35,7.9,7.2,7.82,5706849.0
DYN,2016-02-24,7.66,8.44,7.41,8.32,6999779.0,0.0,1.0,7.66,8.44,7.41,8.32,6999779.0
DYN,2016-02-25,8.81,9.69,8.51,9.49,8980607.0,0.0,1.0,8.81,9.69,8.51,9.49,8980607.0
DYN,2016-02-26,9.58,10.37,9.51,9.78,6374652.0,0.0,1.0,9.58,10.37,9.51,9.78,6374652.0
DYN,2016-02-29,10.22,10.59,9.915,10.08,5317231.0,0.0,1.0,10.22,10.59,9.915,10.08,5317231.0
DYN,2016-03-01,10.19,10.39,9.87,10.37,3323846.0,0.0,1.0,10.19,10.39,9.87,10.37,3323846.0
DYN,2016-03-02,10.62,11.89,10.5,11.83,6425953.0,0.0,1.0,10.62,11.89,10.5,11.83,6425953.0
DYN,2016-03-03,11.67,12.14,11.45,11.6,5390531.0,0.0,1.0,11.67,12.14,11.45,11.6,5390531.0
DYN,2016-03-04,11.6,11.85,10.98,11.13,5348381.0,0.0,1.0,11.6,11.85,10.98,11.13,5348381.0
DYN,2016-03-07,11.22,12.02,11.13,11.65,4941411.0,0.0,1.0,11.22,12.02,11.13,11.65,4941411.0
DYN,2016-03-08,11.58,11.62,10.86,11.05,3572234.0,0.0,1.0,11.58,11.62,10.86,11.05,3572234.0
DYN,2016-03-09,11.42,11.75,10.95,11.69,3940007.0,0.0,1.0,11.42,11.75,10.95,11.69,3940007.0
DYN,2016-03-10,11.69,12.25,11.45,12.2,3169558.0,0.0,1.0,11.69,12.25,11.45,12.2,3169558.0
DYN,2016-03-11,12.39,12.635,12.14,12.28,4307645.0,0.0,1.0,12.39,12.635,12.14,12.28,4307645.0
DYN,2016-03-14,12.14,12.69,11.95,12.64,3543275.0,0.0,1.0,12.14,12.69,11.95,12.64,3543275.0
DYN,2016-03-15,12.58,12.67,12.09,12.5,3413361.0,0.0,1.0,12.58,12.67,12.09,12.5,3413361.0
DYN,2016-03-16,12.37,13.24,12.33,12.95,3310736.0,0.0,1.0,12.37,13.24,12.33,12.95,3310736.0
DYN,2016-03-17,13.01,13.805,12.76,13.56,5295085.0,0.0,1.0,13.01,13.805,12.76,13.56,5295085.0
DYN,2016-03-18,13.82,14.03,13.22,13.41,4791982.0,0.0,1.0,13.82,14.03,13.22,13.41,4791982.0
DYN,2016-03-21,13.27,13.78,13.16,13.35,2152099.0,0.0,1.0,13.27,13.78,13.16,13.35,2152099.0
DYN,2016-03-22,13.48,13.74,13.16,13.63,1735867.0,0.0,1.0,13.48,13.74,13.16,13.63,1735867.0
DYN,2016-03-23,13.68,13.71,13.28,13.28,2466608.0,0.0,1.0,13.68,13.71,13.28,13.28,2466608.0
DYN,2016-03-24,13.22,13.72,12.75,13.71,2216768.0,0.0,1.0,13.22,13.72,12.75,13.71,2216768.0
DYN,2016-03-28,13.73,13.8,12.86,13.18,2484437.0,0.0,1.0,13.73,13.8,12.86,13.18,2484437.0
DYN,2016-03-29,13.18,13.99,12.82,13.86,3229860.0,0.0,1.0,13.18,13.99,12.82,13.86,3229860.0
DYN,2016-03-30,13.89,14.2299,13.37,13.78,2616864.0,0.0,1.0,13.89,14.2299,13.37,13.78,2616864.0
DYN,2016-03-31,13.85,14.44,13.67,14.37,3097144.0,0.0,1.0,13.85,14.44,13.67,14.37,3097144.0
DYN,2016-04-01,14.12,15.07,13.71,14.92,3149661.0,0.0,1.0,14.12,15.07,13.71,14.92,3149661.0
DYN,2016-04-04,14.93,15.08,14.14,14.26,2674055.0,0.0,1.0,14.93,15.08,14.14,14.26,2674055.0
DYN,2016-04-05,14.13,14.38,13.975,14.16,2747781.0,0.0,1.0,14.13,14.38,13.975,14.16,2747781.0
DYN,2016-04-06,13.87,14.35,13.84,14.34,1757690.0,0.0,1.0,13.87,14.35,13.84,14.34,1757690.0
DYN,2016-04-07,14.32,14.59,14.18,14.42,1940431.0,0.0,1.0,14.32,14.59,14.18,14.42,1940431.0
DYN,2016-04-08,14.59,15.45,14.59,15.09,1805971.0,0.0,1.0,14.59,15.45,14.59,15.09,1805971.0
DYN,2016-04-11,15.0,15.48,14.901,15.18,2008342.0,0.0,1.0,15.0,15.48,14.901,15.18,2008342.0
DYN,2016-04-12,15.18,15.28,14.8,15.26,2926699.0,0.0,1.0,15.18,15.28,14.8,15.26,2926699.0
DYN,2016-04-13,15.46,15.75,14.95,14.98,3271199.0,0.0,1.0,15.46,15.75,14.95,14.98,3271199.0
DYN,2016-04-14,14.89,15.225,14.76,14.84,1611047.0,0.0,1.0,14.89,15.225,14.76,14.84,1611047.0
DYN,2016-04-15,14.87,15.79,14.87,15.58,3994721.0,0.0,1.0,14.87,15.79,14.87,15.58,3994721.0
DYN,2016-04-18,15.41,16.11,15.35,16.02,2784040.0,0.0,1.0,15.41,16.11,15.35,16.02,2784040.0
DYN,2016-04-19,16.08,17.08,15.96,17.05,2807004.0,0.0,1.0,16.08,17.08,15.96,17.05,2807004.0
DYN,2016-04-20,17.15,17.173,16.42,16.96,4498274.0,0.0,1.0,17.15,17.173,16.42,16.96,4498274.0
DYN,2016-04-21,16.93,17.33,16.64,16.78,3555153.0,0.0,1.0,16.93,17.33,16.64,16.78,3555153.0
DYN,2016-04-22,16.89,17.49,16.8535,17.14,2812358.0,0.0,1.0,16.89,17.49,16.8535,17.14,2812358.0
DYN,2016-04-25,17.08,17.29,16.22,16.36,2289766.0,0.0,1.0,17.08,17.29,16.22,16.36,2289766.0
DYN,2016-04-26,16.31,16.9,16.13,16.87,1368819.0,0.0,1.0,16.31,16.9,16.13,16.87,1368819.0
DYN,2016-04-27,16.96,17.52,16.84,17.33,1987306.0,0.0,1.0,16.96,17.52,16.84,17.33,1987306.0
DYN,2016-04-28,17.67,18.25,17.26,17.3,3048028.0,0.0,1.0,17.67,18.25,17.26,17.3,3048028.0
DYN,2016-04-29,17.34,17.725,17.0801,17.63,2160280.0,0.0,1.0,17.34,17.725,17.0801,17.63,2160280.0
DYN,2016-05-02,17.57,17.81,16.9,17.11,1900858.0,0.0,1.0,17.57,17.81,16.9,17.11,1900858.0
DYN,2016-05-03,16.95,17.11,16.23,16.6,5564388.0,0.0,1.0,16.95,17.11,16.23,16.6,5564388.0
DYN,2016-05-04,16.95,18.16,16.88,17.9,4360674.0,0.0,1.0,16.95,18.16,16.88,17.9,4360674.0
DYN,2016-05-05,18.08,19.2,17.99,18.48,2937616.0,0.0,1.0,18.08,19.2,17.99,18.48,2937616.0
DYN,2016-05-06,18.41,19.04,18.23,19.02,1914906.0,0.0,1.0,18.41,19.04,18.23,19.02,1914906.0
DYN,2016-05-09,19.05,19.46,18.88,19.17,1770578.0,0.0,1.0,19.05,19.46,18.88,19.17,1770578.0
DYN,2016-05-10,19.25,19.82,19.0,19.67,2467898.0,0.0,1.0,19.25,19.82,19.0,19.67,2467898.0
DYN,2016-05-11,19.63,19.97,19.38,19.43,1558658.0,0.0,1.0,19.63,19.97,19.38,19.43,1558658.0
DYN,2016-05-12,19.53,19.74,18.59,18.67,1572027.0,0.0,1.0,19.53,19.74,18.59,18.67,1572027.0
DYN,2016-05-13,18.3,18.52,17.98,18.25,2685042.0,0.0,1.0,18.3,18.52,17.98,18.25,2685042.0
DYN,2016-05-16,18.34,19.01,18.11,18.31,1772117.0,0.0,1.0,18.34,19.01,18.11,18.31,1772117.0
DYN,2016-05-17,18.32,19.21,18.05,18.87,2159494.0,0.0,1.0,18.32,19.21,18.05,18.87,2159494.0
DYN,2016-05-18,18.68,18.85,18.04,18.29,2640761.0,0.0,1.0,18.68,18.85,18.04,18.29,2640761.0
DYN,2016-05-19,18.01,18.42,17.77,18.18,1651645.0,0.0,1.0,18.01,18.42,17.77,18.18,1651645.0
DYN,2016-05-20,18.3,18.84,18.265,18.74,926589.0,0.0,1.0,18.3,18.84,18.265,18.74,926589.0
DYN,2016-05-23,18.97,19.09,18.54,18.83,1191938.0,0.0,1.0,18.97,19.09,18.54,18.83,1191938.0
DYN,2016-05-24,18.96,18.97,18.47,18.59,931831.0,0.0,1.0,18.96,18.97,18.47,18.59,931831.0
DYN,2016-05-25,17.79,18.44,17.09,17.69,4692904.0,0.0,1.0,17.79,18.44,17.09,17.69,4692904.0
DYN,2016-05-26,17.86,17.9,17.27,17.42,1872573.0,0.0,1.0,17.86,17.9,17.27,17.42,1872573.0
DYN,2016-05-27,17.43,18.15,17.35,18.07,1478553.0,0.0,1.0,17.43,18.15,17.35,18.07,1478553.0
DYN,2016-05-31,18.06,18.97,17.93,18.84,2145309.0,0.0,1.0,18.06,18.97,17.93,18.84,2145309.0
DYN,2016-06-01,18.76,20.0,18.69,19.74,3144256.0,0.0,1.0,18.76,20.0,18.69,19.74,3144256.0
DYN,2016-06-02,19.61,20.3,19.2,20.16,2347495.0,0.0,1.0,19.61,20.3,19.2,20.16,2347495.0
DYN,2016-06-03,20.55,20.95,19.91,20.67,3182136.0,0.0,1.0,20.55,20.95,19.91,20.67,3182136.0
DYN,2016-06-06,20.82,21.12,20.56,21.09,2617072.0,0.0,1.0,20.82,21.12,20.56,21.09,2617072.0
DYN,2016-06-07,21.24,21.56,21.005,21.51,1654476.0,0.0,1.0,21.24,21.56,21.005,21.51,1654476.0
DYN,2016-06-08,21.71,22.01,21.23,21.25,1948580.0,0.0,1.0,21.71,22.01,21.23,21.25,1948580.0
DYN,2016-06-09,20.66,20.88,19.84,20.74,2880527.0,0.0,1.0,20.66,20.88,19.84,20.74,2880527.0
DYN,2016-06-10,20.05,20.05,18.11,18.27,3764578.0,0.0,1.0,20.05,20.05,18.11,18.27,3764578.0
DYN,2016-06-13,18.09,18.63,17.91,18.14,1898616.0,0.0,1.0,18.09,18.63,17.91,18.14,1898616.0
DYN,2016-06-14,17.8,18.1,16.23,16.85,3890925.0,0.0,1.0,17.8,18.1,16.23,16.85,3890925.0
DYN,2016-06-15,15.6,16.83,15.4805,16.13,18463767.0,0.0,1.0,15.6,16.83,15.4805,16.13,18463767.0
DYN,2016-06-16,15.87,16.05,15.52,16.03,19503917.0,0.0,1.0,15.87,16.05,15.52,16.03,19503917.0
DYN,2016-06-17,16.03,17.07,16.03,16.92,12760581.0,0.0,1.0,16.03,17.07,16.03,16.92,12760581.0
DYN,2016-06-20,16.99,17.51,16.43,16.47,7732854.0,0.0,1.0,16.99,17.51,16.43,16.47,7732854.0
DYN,2016-06-21,16.51,16.86,16.19,16.69,3511548.0,0.0,1.0,16.51,16.86,16.19,16.69,3511548.0
DYN,2016-06-22,16.64,16.78,15.91,15.97,3573947.0,0.0,1.0,16.64,16.78,15.91,15.97,3573947.0
DYN,2016-06-23,15.73,16.43,15.73,16.38,2560521.0,0.0,1.0,15.73,16.43,15.73,16.38,2560521.0
DYN,2016-06-24,15.96,16.11,15.47,15.56,4981493.0,0.0,1.0,15.96,16.11,15.47,15.56,4981493.0
DYN,2016-06-27,15.79,15.79,14.37,14.62,4999935.0,0.0,1.0,15.79,15.79,14.37,14.62,4999935.0
DYN,2016-06-28,14.96,16.31,14.9,15.93,4337328.0,0.0,1.0,14.96,16.31,14.9,15.93,4337328.0
DYN,2016-06-29,16.77,17.39,16.66,17.03,7082727.0,0.0,1.0,16.77,17.39,16.66,17.03,7082727.0
DYN,2016-06-30,17.02,17.25,16.76,17.24,3099616.0,0.0,1.0,17.02,17.25,16.76,17.24,3099616.0
DYN,2016-07-01,17.32,17.43,16.77,17.1,3013267.0,0.0,1.0,17.32,17.43,16.77,17.1,3013267.0
DYN,2016-07-05,17.03,17.05,16.04,16.49,2502965.0,0.0,1.0,17.03,17.05,16.04,16.49,2502965.0
DYN,2016-07-06,16.22,16.86,16.19,16.56,1735775.0,0.0,1.0,16.22,16.86,16.19,16.56,1735775.0
DYN,2016-07-07,16.54,16.96,16.29,16.56,1746329.0,0.0,1.0,16.54,16.96,16.29,16.56,1746329.0
DYN,2016-07-08,16.68,17.15,16.64,17.12,1630534.0,0.0,1.0,16.68,17.15,16.64,17.12,1630534.0
DYN,2016-07-11,17.19,17.77,16.96,17.55,2854522.0,0.0,1.0,17.19,17.77,16.96,17.55,2854522.0
DYN,2016-07-12,17.72,18.39,17.72,18.09,3195795.0,0.0,1.0,17.72,18.39,17.72,18.09,3195795.0
DYN,2016-07-13,18.21,18.34,17.45,17.91,1826402.0,0.0,1.0,18.21,18.34,17.45,17.91,1826402.0
DYN,2016-07-14,17.89,18.32,17.78,18.0,2816571.0,0.0,1.0,17.89,18.32,17.78,18.0,2816571.0
DYN,2016-07-15,18.06,18.165,17.68,17.98,1342345.0,0.0,1.0,18.06,18.165,17.68,17.98,1342345.0
DYN,2016-07-18,17.99,18.0,17.56,17.74,1657411.0,0.0,1.0,17.99,18.0,17.56,17.74,1657411.0
DYN,2016-07-19,17.82,17.82,16.61,16.8,3262401.0,0.0,1.0,17.82,17.82,16.61,16.8,3262401.0
DYN,2016-07-20,16.8,16.875,16.195,16.71,5641543.0,0.0,1.0,16.8,16.875,16.195,16.71,5641543.0
DYN,2016-07-21,16.77,16.93,16.34,16.42,3630824.0,0.0,1.0,16.77,16.93,16.34,16.42,3630824.0
DYN,2016-07-22,16.7,16.98,16.3,16.73,1806999.0,0.0,1.0,16.7,16.98,16.3,16.73,1806999.0
DYN,2016-07-25,16.73,16.94,16.27,16.46,2330341.0,0.0,1.0,16.73,16.94,16.27,16.46,2330341.0
DYN,2016-07-26,16.35,16.79,16.08,16.68,3347846.0,0.0,1.0,16.35,16.79,16.08,16.68,3347846.0
DYN,2016-07-27,16.79,17.045,15.91,15.93,3784609.0,0.0,1.0,16.79,17.045,15.91,15.93,3784609.0
DYN,2016-07-28,15.85,16.17,15.595,15.97,3505554.0,0.0,1.0,15.85,16.17,15.595,15.97,3505554.0
DYN,2016-07-29,16.06,16.11,14.87,15.13,5129939.0,0.0,1.0,16.06,16.11,14.87,15.13,5129939.0
DYN,2016-08-01,15.15,15.33,14.62,14.86,2530755.0,0.0,1.0,15.15,15.33,14.62,14.86,2530755.0
DYN,2016-08-02,14.9,14.99,14.54,14.66,1615372.0,0.0,1.0,14.9,14.99,14.54,14.66,1615372.0
DYN,2016-08-03,14.71,15.42,14.54,15.26,3954149.0,0.0,1.0,14.71,15.42,14.54,15.26,3954149.0
DYN,2016-08-04,15.04,15.59,13.97,14.36,6835627.0,0.0,1.0,15.04,15.59,13.97,14.36,6835627.0
DYN,2016-08-05,14.33,14.45,13.74,13.96,2982337.0,0.0,1.0,14.33,14.45,13.74,13.96,2982337.0
DYN,2016-08-08,13.98,14.3,13.66,13.67,2288781.0,0.0,1.0,13.98,14.3,13.66,13.67,2288781.0
DYN,2016-08-09,13.67,13.77,12.56,12.61,3586977.0,0.0,1.0,13.67,13.77,12.56,12.61,3586977.0
DYN,2016-08-10,12.71,12.835,11.93,12.45,5499541.0,0.0,1.0,12.71,12.835,11.93,12.45,5499541.0
DYN,2016-08-11,12.4,12.49,12.0718,12.38,2539967.0,0.0,1.0,12.4,12.49,12.0718,12.38,2539967.0
DYN,2016-08-12,12.44,12.75,12.396,12.47,1955207.0,0.0,1.0,12.44,12.75,12.396,12.47,1955207.0
DYN,2016-08-15,12.42,13.04,12.31,12.72,2075217.0,0.0,1.0,12.42,13.04,12.31,12.72,2075217.0
DYN,2016-08-16,12.72,12.72,12.33,12.36,1754285.0,0.0,1.0,12.72,12.72,12.33,12.36,1754285.0
DYN,2016-08-17,12.29,12.53,12.1,12.34,2786531.0,0.0,1.0,12.29,12.53,12.1,12.34,2786531.0
DYN,2016-08-18,12.31,12.54,12.25,12.53,1352121.0,0.0,1.0,12.31,12.54,12.25,12.53,1352121.0
DYN,2016-08-19,12.45,12.45,11.96,12.14,2259237.0,0.0,1.0,12.45,12.45,11.96,12.14,2259237.0
DYN,2016-08-22,12.07,12.52,11.94,12.48,2200476.0,0.0,1.0,12.07,12.52,11.94,12.48,2200476.0
DYN,2016-08-23,12.56,13.26,12.51,13.13,3045744.0,0.0,1.0,12.56,13.26,12.51,13.13,3045744.0
DYN,2016-08-24,13.01,13.27,12.83,12.96,2683356.0,0.0,1.0,13.01,13.27,12.83,12.96,2683356.0
DYN,2016-08-25,12.92,13.12,12.7,12.85,1840271.0,0.0,1.0,12.92,13.12,12.7,12.85,1840271.0
DYN,2016-08-26,12.92,13.5156,12.75,13.03,2412259.0,0.0,1.0,12.92,13.5156,12.75,13.03,2412259.0
DYN,2016-08-29,12.99,13.29,12.99,13.0,1402597.0,0.0,1.0,12.99,13.29,12.99,13.0,1402597.0
DYN,2016-08-30,13.0,13.22,12.57,12.66,1350508.0,0.0,1.0,13.0,13.22,12.57,12.66,1350508.0
DYN,2016-08-31,12.68,12.88,12.18,12.67,1723969.0,0.0,1.0,12.68,12.88,12.18,12.67,1723969.0
DYN,2016-09-01,12.64,12.73,12.13,12.28,1546676.0,0.0,1.0,12.64,12.73,12.13,12.28,1546676.0
DYN,2016-09-02,12.28,12.78,12.28,12.47,1334338.0,0.0,1.0,12.28,12.78,12.28,12.47,1334338.0
DYN,2016-09-06,12.46,12.825,12.46,12.78,924153.0,0.0,1.0,12.46,12.825,12.46,12.78,924153.0
DYN,2016-09-07,12.93,13.34,12.93,13.25,2438907.0,0.0,1.0,12.93,13.34,12.93,13.25,2438907.0
DYN,2016-09-08,13.25,14.34,13.16,14.09,3987265.0,0.0,1.0,13.25,14.34,13.16,14.09,3987265.0
DYN,2016-09-09,13.89,13.95,13.26,13.26,1972577.0,0.0,1.0,13.89,13.95,13.26,13.26,1972577.0
DYN,2016-09-12,13.14,13.87,12.89,13.75,2188058.0,0.0,1.0,13.14,13.87,12.89,13.75,2188058.0
DYN,2016-09-13,13.18,13.4,12.06,12.3,6117705.0,0.0,1.0,13.18,13.4,12.06,12.3,6117705.0
DYN,2016-09-14,12.16,12.67,11.85,12.12,3786101.0,0.0,1.0,12.16,12.67,11.85,12.12,3786101.0
DYN,2016-09-15,12.02,12.755,11.99,12.36,3372544.0,0.0,1.0,12.02,12.755,11.99,12.36,3372544.0
DYN,2016-09-16,12.24,12.45,11.965,12.37,2707412.0,0.0,1.0,12.24,12.45,11.965,12.37,2707412.0
DYN,2016-09-19,12.42,12.8,12.26,12.54,1525194.0,0.0,1.0,12.42,12.8,12.26,12.54,1525194.0
DYN,2016-09-20,12.59,12.975,12.45,12.9,3512174.0,0.0,1.0,12.59,12.975,12.45,12.9,3512174.0
DYN,2016-09-21,13.0,13.38,12.9,13.11,2414018.0,0.0,1.0,13.0,13.38,12.9,13.11,2414018.0
DYN,2016-09-22,13.24,13.3899,12.87,13.27,2610296.0,0.0,1.0,13.24,13.3899,12.87,13.27,2610296.0
DYN,2016-09-23,13.13,13.425,12.92,12.97,2756964.0,0.0,1.0,13.13,13.425,12.92,12.97,2756964.0
DYN,2016-09-26,12.93,13.19,12.74,12.87,1219905.0,0.0,1.0,12.93,13.19,12.74,12.87,1219905.0
DYN,2016-09-27,12.81,12.89,12.44,12.69,1282349.0,0.0,1.0,12.81,12.89,12.44,12.69,1282349.0
DYN,2016-09-28,12.76,12.9,12.34,12.36,3112678.0,0.0,1.0,12.76,12.9,12.34,12.36,3112678.0
DYN,2016-09-29,12.3,12.43,11.94,12.04,2520091.0,0.0,1.0,12.3,12.43,11.94,12.04,2520091.0
DYN,2016-09-30,12.03,12.4,11.69,12.39,3868511.0,0.0,1.0,12.03,12.4,11.69,12.39,3868511.0
DYN,2016-10-03,12.61,13.31,12.485,13.13,3855445.0,0.0,1.0,12.61,13.31,12.485,13.13,3855445.0
DYN,2016-10-04,13.12,13.81,12.775,13.0,3359706.0,0.0,1.0,13.12,13.81,12.775,13.0,3359706.0
DYN,2016-10-05,12.97,13.26,12.87,13.08,2427150.0,0.0,1.0,12.97,13.26,12.87,13.08,2427150.0
DYN,2016-10-06,13.0,13.26,12.74,12.76,2314406.0,0.0,1.0,13.0,13.26,12.74,12.76,2314406.0
DYN,2016-10-07,12.85,12.99,12.67,12.86,2277498.0,0.0,1.0,12.85,12.99,12.67,12.86,2277498.0
DYN,2016-10-10,12.94,13.4301,12.94,13.38,2011892.0,0.0,1.0,12.94,13.4301,12.94,13.38,2011892.0
DYN,2016-10-11,13.37,13.43,12.56,12.7,1962882.0,0.0,1.0,13.37,13.43,12.56,12.7,1962882.0
DYN,2016-10-12,12.74,12.81,12.26,12.28,2949911.0,0.0,1.0,12.74,12.81,12.26,12.28,2949911.0
DYN,2016-10-13,12.14,12.669,11.725,12.61,3666709.0,0.0,1.0,12.14,12.669,11.725,12.61,3666709.0
DYN,2016-10-14,12.61,13.0,12.2,12.55,2524919.0,0.0,1.0,12.61,13.0,12.2,12.55,2524919.0
DYN,2016-10-17,12.62,12.8,12.24,12.51,1770400.0,0.0,1.0,12.62,12.8,12.24,12.51,1770400.0
DYN,2016-10-18,12.88,13.46,12.73,12.87,5599375.0,0.0,1.0,12.88,13.46,12.73,12.87,5599375.0
DYN,2016-10-19,12.8,13.59,12.8,13.37,4967500.0,0.0,1.0,12.8,13.59,12.8,13.37,4967500.0
DYN,2016-10-20,12.97,13.25,12.605,12.9,3762857.0,0.0,1.0,12.97,13.25,12.605,12.9,3762857.0
DYN,2016-10-21,12.7,12.89,12.37,12.47,2530456.0,0.0,1.0,12.7,12.89,12.37,12.47,2530456.0
DYN,2016-10-24,12.46,12.57,11.68,11.87,4039475.0,0.0,1.0,12.46,12.57,11.68,11.87,4039475.0
DYN,2016-10-25,11.91,12.16,11.27,11.42,4054383.0,0.0,1.0,11.91,12.16,11.27,11.42,4054383.0
DYN,2016-10-26,11.27,11.33,10.56,10.72,6773880.0,0.0,1.0,11.27,11.33,10.56,10.72,6773880.0
DYN,2016-10-27,10.67,11.1,10.66,10.79,2731961.0,0.0,1.0,10.67,11.1,10.66,10.79,2731961.0
DYN,2016-10-28,10.84,11.01,10.585,10.81,3805063.0,0.0,1.0,10.84,11.01,10.585,10.81,3805063.0
DYN,2016-10-31,10.89,11.05,10.65,10.65,2063061.0,0.0,1.0,10.89,11.05,10.65,10.65,2063061.0
DYN,2016-11-01,10.64,11.0,10.53,10.72,5423011.0,0.0,1.0,10.64,11.0,10.53,10.72,5423011.0
DYN,2016-11-02,9.32,9.48,7.01,7.34,26926813.0,0.0,1.0,9.32,9.48,7.01,7.34,26926813.0
DYN,2016-11-03,7.31,8.03,7.31,7.85,8868840.0,0.0,1.0,7.31,8.03,7.31,7.85,8868840.0
DYN,2016-11-04,8.01,8.62,7.9147,8.31,6038197.0,0.0,1.0,8.01,8.62,7.9147,8.31,6038197.0
DYN,2016-11-07,8.56,8.74,8.33,8.58,3916146.0,0.0,1.0,8.56,8.74,8.33,8.58,3916146.0
DYN,2016-11-08,8.73,8.89,8.6,8.61,3557482.0,0.0,1.0,8.73,8.89,8.6,8.61,3557482.0
DYN,2016-11-09,9.36,9.4,8.63,9.07,6263500.0,0.0,1.0,9.36,9.4,8.63,9.07,6263500.0
DYN,2016-11-10,9.18,9.3999,8.21,8.38,6625594.0,0.0,1.0,9.18,9.3999,8.21,8.38,6625594.0
DYN,2016-11-11,8.43,8.51,8.05,8.33,4679304.0,0.0,1.0,8.43,8.51,8.05,8.33,4679304.0
